"H_Shannon","H_Renyi","H_Tsallis","H_Fisher","C_Shannon","C_Renyi","C_Tsallis","C_Fisher","n","Model"
0.972046614198069,0.960852919384495,0.975375252222858,0.15891380513447,0.0282574506694303,0.0126787108500722,0.0128703369098068,0.00209691009387297,"1000","AR2_M1"
0.97609007161462,0.96625494043183,0.978824874466033,0.137510296735291,0.0241358327151874,0.0108451713089499,0.0109862552840364,0.00154340501914771,"1000","AR2_M1"
0.956418600287236,0.940559702802086,0.962266226654882,0.240592935444745,0.0441294988246141,0.0196987943725181,0.0201534091605476,0.00503890475924827,"1000","AR2_M1"
0.961064997238405,0.946598126613215,0.966191869236935,0.224913035655005,0.0394835035205783,0.0176522821292577,0.0180176687310667,0.00419420686383018,"1000","AR2_M1"
0.974931318756009,0.96470094253252,0.977834232503715,0.140132592159293,0.0253167698355656,0.0113710160214455,0.0115258192812875,0.00165175535786966,"1000","AR2_M1"
0.96983168009576,0.957873642910679,0.973465591309547,0.168932208700859,0.0304824530074984,0.013665768737076,0.0138882155728944,0.00241011798731022,"1000","AR2_M1"
0.961649832032374,0.947613739230917,0.96685004587234,0.218846916761255,0.0390894226854092,0.0174842071112821,0.0178391318611572,0.0040378950408895,"1000","AR2_M1"
0.971494317755288,0.959983952438639,0.974818786963806,0.152002510218175,0.0287315486888903,0.012887095345505,0.0130862423484054,0.00204052457018852,"1000","AR2_M1"
0.961756082752104,0.947040188902764,0.966478425171548,0.202848791377171,0.0384712746496247,0.0171954022849679,0.0175483422090267,0.00368312412886219,"1000","AR2_M1"
0.960647407290744,0.946007349966902,0.965808735684817,0.23598492785394,0.0398670422412978,0.0178203737862682,0.0181933815594019,0.00444535618294072,"1000","AR2_M1"
0.969114678186487,0.956964539088839,0.9728818569524,0.17917180566965,0.0312273545812836,0.0139967809343898,0.0142295912445936,0.00262060756813931,"1000","AR2_M1"
0.948905250990989,0.930949759139767,0.955974743801057,0.291731844498242,0.0515871824466444,0.0229729887418614,0.0235905287167579,0.00719904840567704,"1000","AR2_M1"
0.969985118982102,0.958081134888327,0.973598755008603,0.181906590520871,0.0303245541976747,0.0135957740827316,0.0138159788751802,0.00258136896638718,"1000","AR2_M1"
0.962852720096199,0.94865223179957,0.967522431104175,0.240758437416995,0.0374928130451342,0.0167674683272705,0.017100999898233,0.00425541556599163,"1000","AR2_M1"
0.968744579888094,0.956383517381831,0.972508534587208,0.19915031784734,0.0315405359438828,0.0141339699297018,0.0143722744426451,0.00294315465792481,"1000","AR2_M1"
0.966758549627816,0.953874510931065,0.970894195945391,0.199573603973508,0.0336287474267475,0.0150610833178604,0.015329813524095,0.00315114267447692,"1000","AR2_M1"
0.968447930688832,0.956269073217408,0.972434978165666,0.186376488025757,0.0320450536727474,0.0143627345998165,0.0146055392756558,0.00279929165141079,"1000","AR2_M1"
0.973398820420663,0.962544017550011,0.976456949206135,0.129248505404745,0.0268100250911413,0.0120337033477215,0.0122076425018737,0.00161586186586659,"1000","AR2_M1"
0.964036291344826,0.950194155488313,0.968519615982122,0.222011181071886,0.0362959758050342,0.016238643424603,0.016551822175316,0.00379413026788047,"1000","AR2_M1"
0.956328741396143,0.940432400299434,0.962183237174764,0.243774112629466,0.0441980457198568,0.0197285759960222,0.0201848693331461,0.00511394131608185,"1000","AR2_M1"
0.962397963787947,0.948171859061987,0.967211485417131,0.22964127117776,0.0380246279402113,0.0170047259329766,0.0173461868453008,0.00411843785697384,"1000","AR2_M1"
0.970817485901901,0.959253301442583,0.974350560492906,0.164120573782256,0.0295290725488416,0.0132439586642142,0.0134523994113086,0.00226593548528895,"1000","AR2_M1"
0.9722308330361,0.961388794082201,0.97571819743883,0.170838656513276,0.0282876937310102,0.0126969527719271,0.0128861995769543,0.00225624676168534,"1000","AR2_M1"
0.961878225553493,0.947500833858393,0.966776906141804,0.233602535546619,0.038551618621837,0.017237505649828,0.017588187562728,0.00424983797629121,"1000","AR2_M1"
0.944923407500842,0.926274137154996,0.95289404225407,0.314444140697382,0.0557603169691916,0.0248107825128323,0.0255238118952071,0.00842256614358189,"1000","AR2_M1"
0.967146446494809,0.954239758711786,0.971129428488059,0.162147795235935,0.033134101819137,0.0148392778585318,0.0151019272613269,0.00252154258475108,"1000","AR2_M1"
0.971181579540877,0.959626559482562,0.974589795469091,0.162549120549752,0.029082136657062,0.0130436888668306,0.0132470761040018,0.00220944296828462,"1000","AR2_M1"
0.959260891746425,0.944219460278183,0.964648007931788,0.241514589728461,0.0412627136400809,0.0184359826656506,0.0188348521724444,0.00471559735532651,"1000","AR2_M1"
0.959658517756028,0.944668255988437,0.964939548373145,0.23263439091463,0.0408181054617296,0.0182384421564653,0.0186298142505857,0.00449140622160691,"1000","AR2_M1"
0.956903937740271,0.941547729299183,0.962910007031233,0.235356778481292,0.0439196459508831,0.0196157594152828,0.0200608109910179,0.00490331164292792,"1000","AR2_M1"
0.960493868435895,0.945761640313155,0.965649327061587,0.220483646232201,0.0399834470715952,0.0178706203536698,0.0182464077449582,0.00416614437301967,"1000","AR2_M1"
0.974479663287778,0.964028513596325,0.977405145083392,0.118765433220904,0.0257442827302324,0.0115603289696929,0.0117207373583618,0.00142419799715246,"1000","AR2_M1"
0.958889840401421,0.943702818369992,0.964312249013858,0.23651799089875,0.0416063351687737,0.018586529074082,0.0189924384074081,0.00465829753690483,"1000","AR2_M1"
0.96226397140233,0.947954150541645,0.967070518431883,0.204206903894585,0.0381300757932662,0.0170503411420876,0.0173941769634086,0.00367295968162883,"1000","AR2_M1"
0.972364654078331,0.961317333714076,0.97567247426212,0.163897140210523,0.0279640883222194,0.012549041975142,0.012736434061999,0.0021395142061584,"1000","AR2_M1"
0.972538865303571,0.961509364285509,0.975795336399531,0.149157457789637,0.027757258973263,0.0124564826347272,0.01264155931746,0.0019323548493751,"1000","AR2_M1"
0.966635587976095,0.953654182841653,0.970752259605782,0.173336779907531,0.03370774319186,0.0150948955244525,0.0153655320791567,0.00274365763850861,"1000","AR2_M1"
0.976851147298502,0.96727848934061,0.979476613064349,0.126131013768019,0.023359910336803,0.0104994514016981,0.0106318575377185,0.00136910565457421,"1000","AR2_M1"
0.959712300559123,0.944754100155518,0.964995299916,0.215577929256616,0.0407751181154508,0.0182198689638929,0.0186102266318271,0.00415748565887818,"1000","AR2_M1"
0.96003730358114,0.945171387099162,0.965266246088346,0.23882789792121,0.0404486433625302,0.0180758494158308,0.0184601518292117,0.00456744372295549,"1000","AR2_M1"
0.970208244181872,0.958437296425591,0.973827273793961,0.163672345748619,0.0301390885669543,0.0135145365365425,0.0137315443806832,0.0023078775261466,"1000","AR2_M1"
0.9606742377817,0.946050273331149,0.965836579400719,0.236459850128296,0.0398455744162146,0.0178110884481976,0.0181836010486404,0.004451779597561,"1000","AR2_M1"
0.96634905797709,0.953327194347666,0.970541560506887,0.184694142627946,0.034030663941208,0.0152387966466126,0.0155139657877596,0.0029523090267593,"1000","AR2_M1"
0.961999696914132,0.947694852568687,0.966902586260459,0.210919916497283,0.0384537732592358,0.0171951055074454,0.0175436132644452,0.003826959920656,"1000","AR2_M1"
0.973083347405289,0.962221362745571,0.976250692212921,0.14761781567358,0.0271928245904719,0.0122053875175299,0.0123833438687291,0.00187247208859128,"1000","AR2_M1"
0.958381895839019,0.943180334151753,0.963972535165392,0.235975400506429,0.0422180966428881,0.0188593657322191,0.019275116261673,0.00471844696164074,"1000","AR2_M1"
0.96226131748933,0.94818296307555,0.967218674565654,0.237199630443657,0.0383104461662127,0.017135178268913,0.0174791839329681,0.00428657559906873,"1000","AR2_M1"
0.972699537478349,0.961743498584268,0.975945108122577,0.144581374947936,0.0276135503622835,0.0123929613673503,0.0125759623427887,0.00186306577253266,"1000","AR2_M1"
0.967396038822609,0.95484995130427,0.971522242518801,0.185365710814966,0.0330884634966463,0.014824488700482,0.0150833337602564,0.0028778887003971,"1000","AR2_M1"
0.961302387154641,0.94665072469136,0.966225970587334,0.230263068497587,0.0390646660675237,0.0174616855983865,0.0178227657522711,0.00424737572385581,"1000","AR2_M1"
0.966515326625614,0.953673081081961,0.970764435035125,0.185991561848396,0.0339827818212328,0.0152202576166127,0.0154930290886655,0.00296835418971572,"1000","AR2_M1"
0.969456898955551,0.95751641652436,0.973236273422681,0.1671347756334,0.0309562995310034,0.0138783891366612,0.0141062351426852,0.00242247695650853,"1000","AR2_M1"
0.964761611489443,0.951277447095121,0.96921937331868,0.206183956368378,0.035657929950723,0.0159593651337576,0.0162603727448169,0.00345910129001161,"1000","AR2_M1"
0.962749954336428,0.948601692342252,0.967489723168321,0.215243749945485,0.0376514660746633,0.016839321051655,0.0171746162737501,0.00382094891771122,"1000","AR2_M1"
0.964824105291269,0.951178852227532,0.969155713585703,0.229667223346753,0.0354706636078339,0.0158728770184431,0.0161728674028462,0.00383259108716842,"1000","AR2_M1"
0.968818501463547,0.956623734383702,0.97266290415503,0.188091993174242,0.0315746090575403,0.0141517128278789,0.0143889866027635,0.00278251916291843,"1000","AR2_M1"
0.961156131090534,0.946499370392877,0.966127837452419,0.24638809444443,0.0392351375991832,0.0175377496426807,0.0179014468113507,0.00456534135200741,"1000","AR2_M1"
0.961938883754152,0.947635945812975,0.966864430352855,0.222681920520818,0.0385301504437674,0.0172292767800297,0.0175788760999604,0.00404865229048515,"1000","AR2_M1"
0.96277751896266,0.94869783799792,0.96755194508093,0.226322214470596,0.0376665055817782,0.0168472724294046,0.0171820895500074,0.00401910055161379,"1000","AR2_M1"
0.972231017234887,0.961077634461887,0.97551908379877,0.170642860499027,0.0280538340618122,0.0125879068210244,0.0127770565963336,0.00223502904511716,"1000","AR2_M1"
0.966948908319463,0.954134715629754,0.971061784897601,0.179178272543007,0.0334413547571006,0.0149782932988839,0.0152440195155608,0.00281279433079337,"1000","AR2_M1"
0.96839484881956,0.956073213718701,0.972309076363938,0.184257010319186,0.0320012792722976,0.0143409630629361,0.0145844987076433,0.00276382910969405,"1000","AR2_M1"
0.952706954628989,0.935957191487034,0.959259791285763,0.268171470995358,0.0479253359885915,0.0213714561300979,0.0219035429539883,0.00612337282073281,"1000","AR2_M1"
0.975567721479736,0.965562072099019,0.978383355407473,0.1426194631582,0.0246781601370443,0.0110868418094403,0.011234059211555,0.00163759479858703,"1000","AR2_M1"
0.965723608344522,0.952647632729526,0.970103479054586,0.196833689325014,0.0347883193211836,0.0155770491138679,0.0158624752947429,0.00321849122439385,"1000","AR2_M1"
0.970304463716817,0.958490527697007,0.973861421543312,0.150182759661665,0.0299919793617341,0.0134479851800092,0.0136636446431707,0.00210712100731514,"1000","AR2_M1"
0.975370133928258,0.965207093496491,0.978157044879142,0.124224299607474,0.0248147936385772,0.0111463844150776,0.0112959327733939,0.00143456446440188,"1000","AR2_M1"
0.969909893154976,0.958015066928082,0.97355635675908,0.170187762710963,0.0304211740811384,0.0136392100800256,0.0138604706052899,0.00242295421940231,"1000","AR2_M1"
0.971428135477187,0.959972397752639,0.97481138470559,0.146683200117132,0.0288425682879325,0.0129376171354732,0.0131376032312453,0.00197686005114747,"1000","AR2_M1"
0.963548353138895,0.949703777177038,0.968202630435339,0.18721937939581,0.0368982092924194,0.0165079155690394,0.0168294658408724,0.00325427968407234,"1000","AR2_M1"
0.9509220025196,0.933607746952635,0.957720310068308,0.303048534504655,0.0496459142413807,0.0221245965786505,0.0226960150712164,0.00718163124883206,"1000","AR2_M1"
0.963194772754894,0.949140359158613,0.967838259319036,0.190253715408896,0.0371854383145605,0.0166326529572478,0.0169603133305494,0.00333398953241049,"1000","AR2_M1"
0.966139545023161,0.952638863623675,0.970097824280794,0.216070379797763,0.0339643929803057,0.0152014351373598,0.0154800310125957,0.00344787514872783,"1000","AR2_M1"
0.965884508425058,0.952740401960456,0.970163298740357,0.193477207795537,0.0345163685823229,0.0154542088451842,0.015736822120501,0.00313835455062336,"1000","AR2_M1"
0.963757047755756,0.950254301044256,0.968558485096847,0.197202027290948,0.0368895960777742,0.0165100532574476,0.0168280766046825,0.00342625754966044,"1000","AR2_M1"
0.96537782770427,0.952048501065881,0.969717025728552,0.189023921842628,0.0350087887569512,0.0156715205346891,0.0159623593383411,0.00311149302728562,"1000","AR2_M1"
0.96617361650998,0.953129277283291,0.970414000198414,0.186547918630543,0.0342329476427095,0.0153289789955233,0.0156069655822585,0.00300021119327788,"1000","AR2_M1"
0.967084401661839,0.954628008525118,0.971379390774883,0.176428321632802,0.0335408414616652,0.0150285141605528,0.0152922277569498,0.00277747510685086,"1000","AR2_M1"
0.956728071908987,0.940970383769868,0.962533888226261,0.239416536691476,0.0438182057693186,0.0195620482276532,0.0200103368469434,0.00497728506448061,"1000","AR2_M1"
0.948934243995076,0.931131192342905,0.956094027694105,0.286140670655725,0.0516719172903804,0.0230145045467333,0.023631503840081,0.0070724574796398,"1000","AR2_M1"
0.958796123181776,0.943553057476928,0.964214892282825,0.238301573954903,0.0416808969886477,0.0186187024203532,0.019026412989103,0.00470229634317797,"1000","AR2_M1"
0.955256030798499,0.939125158895823,0.961330488614917,0.239593007625145,0.0453276179969333,0.0202273449813216,0.0207056144221917,0.0051604734197988,"1000","AR2_M1"
0.952124305304707,0.935253101156159,0.958798773774767,0.276140288077276,0.0485334414053489,0.0216395831097849,0.0221843752509457,0.00638924447983245,"1000","AR2_M1"
0.958359598551158,0.94327060970523,0.964031242763307,0.227692138763258,0.0423682720756911,0.0189287029388375,0.0193453085787623,0.00456912026285343,"1000","AR2_M1"
0.966547767408127,0.953574789851803,0.970701107419992,0.205240104420381,0.0338230952357836,0.0151466672448754,0.015418703204819,0.00326005217424227,"1000","AR2_M1"
0.96556374466859,0.952557272560597,0.97004520800632,0.209921909610833,0.0350230409829342,0.015683258338872,0.0159711862328784,0.00345623264264836,"1000","AR2_M1"
0.966916036736345,0.954347804550668,0.97119899909427,0.175551131032937,0.03366664025411,0.015083078490897,0.0153494047597422,0.00277451415082599,"1000","AR2_M1"
0.968090386299134,0.9556843086018,0.972059016077511,0.184164510344558,0.0323216034182004,0.0144831738063264,0.0147313286962455,0.00279097039500372,"1000","AR2_M1"
0.972774302389764,0.961729055563763,0.975935870077523,0.163248678206642,0.0274530249418362,0.012319785589432,0.0125017754208775,0.00209122174444969,"1000","AR2_M1"
0.957732427825152,0.942082740673353,0.963258373109345,0.244924415164632,0.0426834100700372,0.0190579534177577,0.0194863279109241,0.00495472201490799,"1000","AR2_M1"
0.962981853753629,0.948957052031223,0.967719672116264,0.218045024219138,0.0374532657363663,0.0167529172495488,0.0170841531268697,0.00384937362507622,"1000","AR2_M1"
0.962517808302814,0.948477828928266,0.967409555447386,0.222421702917307,0.0380157121836189,0.0170041073554057,0.0173435112933112,0.00398752864771926,"1000","AR2_M1"
0.968237973177227,0.955726195653187,0.972085953023937,0.181452070944607,0.0320621491856853,0.0143653531345419,0.014611253783593,0.00272737431281953,"1000","AR2_M1"
0.967424428232888,0.954828911589717,0.971508701688789,0.187224125407705,0.0330089206691329,0.0147880916128757,0.0150464229862502,0.00289966871034521,"1000","AR2_M1"
0.970219631385056,0.958381744268453,0.973791635464714,0.165745986572006,0.0300773757516938,0.0134859241666387,0.0137027653422264,0.00233230424014491,"1000","AR2_M1"
0.970004113752269,0.958148398037236,0.973641917676884,0.185365602248315,0.0303349445421844,0.0136011210005178,0.0138210548184675,0.00263130428509593,"1000","AR2_M1"
0.967106145069495,0.954318774252342,0.971180307176189,0.198253831652476,0.0332645076963024,0.0148995352694512,0.0151627900762035,0.00309528643542,"1000","AR2_M1"
0.952123400608827,0.935443842103803,0.958923694022423,0.273430092022034,0.0486896689504663,0.0217136883537446,0.0222587068403769,0.00634690778588001,"1000","AR2_M1"
0.972292300456489,0.961114906092339,0.975542937152617,0.168186248246093,0.0279597107006514,0.012545368915655,0.0127336970450289,0.00219532390707137,"1000","AR2_M1"
0.972837904179328,0.961871951843508,0.976027264139888,0.159084059786761,0.0274253544278411,0.0123083921199413,0.012489527596436,0.00203568571069656,"1000","AR2_M1"
0.919910924871197,0.897109742439986,0.933383991442266,0.452996110375469,0.0811352463274027,0.0359154781567795,0.0373677051654302,0.0181355425514004,"1000","AR2_M2"
0.898039071464516,0.873316513565581,0.917085142135274,0.646201014773112,0.103019455671864,0.0454745058249749,0.047753584170485,0.0336483638565686,"1000","AR2_M2"
0.915442386208963,0.891906151414045,0.9298490477364,0.540802417589729,0.0854600731221827,0.0377940731731547,0.0394018842615018,0.0229162295945606,"1000","AR2_M2"
0.917155016512455,0.893789998376203,0.931130700679625,0.522242631532604,0.0837228972644371,0.0370347392099766,0.0385819742139898,0.0216394451697602,"1000","AR2_M2"
0.929202513272822,0.907604443798201,0.940463395908437,0.408290164269065,0.0716696723725764,0.0317756142216422,0.0329260199882918,0.0142944107853986,"1000","AR2_M2"
0.929422841607348,0.907635743859838,0.940484410576223,0.409492140653207,0.0713208786906991,0.0316145665242307,0.0327587439832641,0.01426333924089,"1000","AR2_M2"
0.90573515957259,0.881411489291264,0.922669403626029,0.55748229686522,0.0952717418384362,0.042083696809251,0.044053588941293,0.0266174383279999,"1000","AR2_M2"
0.908759553454259,0.884651739748676,0.924893342503795,0.542119034879483,0.0922163780623562,0.040747756696828,0.0426013166509652,0.0249704302172785,"1000","AR2_M2"
0.921014136953793,0.898578403951246,0.93437871566176,0.464421522104705,0.0802024064950502,0.0355180715027342,0.0369331489467979,0.0183571703448357,"1000","AR2_M2"
0.918423387272601,0.895353826774787,0.93219299093173,0.509880872176231,0.0825823748896565,0.0365436081278858,0.038047187984756,0.020810640695904,"1000","AR2_M2"
0.922892414848393,0.90026615430966,0.935520213664941,0.44602866961428,0.0779625332950421,0.0345205801836852,0.0358723921750041,0.017102907156883,"1000","AR2_M2"
0.89426481681719,0.86917921898988,0.914215382150825,0.660557801674515,0.106622410947271,0.0470396395859208,0.0494769791324019,0.0357491300270021,"1000","AR2_M2"
0.923589718512897,0.901062290680593,0.93605807604585,0.427120710901015,0.077264395427834,0.0342158578678491,0.0355447458153483,0.0162189691964196,"1000","AR2_M2"
0.923124018706379,0.900625265247949,0.935762873193477,0.461244454654018,0.0777953676934418,0.0344516566322968,0.0357957770456702,0.0176440037698881,"1000","AR2_M2"
0.921546109671399,0.899095181377925,0.934728417764142,0.459237608231706,0.0795929675101757,0.0352480904558384,0.0366450543873442,0.0180039322765205,"1000","AR2_M2"
0.916320722900913,0.892990109549792,0.930586770022705,0.522854831451801,0.0846573067130518,0.0374486257785006,0.0390252874385959,0.0219265529484879,"1000","AR2_M2"
0.926786660961131,0.904812732253275,0.938586685882055,0.450922601597416,0.074108149125183,0.0328410620043843,0.0340669206442089,0.0163666763191543,"1000","AR2_M2"
0.92506920055436,0.902453756557122,0.936997216856066,0.475335466164259,0.0755715953184358,0.0334642905949898,0.0347452120662577,0.0176261266067641,"1000","AR2_M2"
0.922062494312093,0.899318350755234,0.934879385923174,0.496215705873944,0.0787943530551214,0.0348835350735789,0.0362629071463181,0.0192476423564336,"1000","AR2_M2"
0.906315744536609,0.882499359813534,0.923416781195224,0.537386170952025,0.0950856851774166,0.042026411824631,0.0439749825319822,0.025591420864105,"1000","AR2_M2"
0.922208971298105,0.899533751763041,0.935025070363477,0.463965335362251,0.0786803407626929,0.0348358691013605,0.0362103266206878,0.0179677923797414,"1000","AR2_M2"
0.92006383696519,0.897193507253048,0.933440760539221,0.503011646329058,0.0809297737169253,0.0358219137800494,0.0372691444738563,0.0200835602124772,"1000","AR2_M2"
0.909038661784756,0.884745016593043,0.92495726731618,0.513645086459631,0.0917947753674445,0.040553284217807,0.04239645801594,0.0235435009947715,"1000","AR2_M2"
0.923498816707999,0.901215086224984,0.936161259433752,0.456137243607778,0.0775475587924713,0.0343504584618735,0.0356824568821813,0.0173859977256871,"1000","AR2_M2"
0.919164901544281,0.896029075695894,0.932651219736173,0.473754136814375,0.0817047370204484,0.0361533215521314,0.0376309657328053,0.0191152118937663,"1000","AR2_M2"
0.925315115052276,0.903104391311308,0.937435947654748,0.474946569629547,0.0755916907735694,0.0334884197238019,0.0347614835906835,0.0176117071549612,"1000","AR2_M2"
0.906829912616586,0.88256992440433,0.923465234600149,0.584353037814488,0.0941565019140914,0.0415954568918828,0.0435228499123038,0.0275405165323964,"1000","AR2_M2"
0.929118761484741,0.907508675720908,0.940399094153791,0.414200649972497,0.0717568216854838,0.0318137634326847,0.0329667749897308,0.0145202815625112,"1000","AR2_M2"
0.931416832290196,0.910153105855955,0.942172623763424,0.422361272436578,0.0694144634326154,0.0307887914219679,0.0318719523230757,0.01428769845216,"1000","AR2_M2"
0.926083812850564,0.903944532347147,0.938002086630318,0.418307105279102,0.074770718742492,0.033128009470094,0.0343761601479808,0.0153302345986998,"1000","AR2_M2"
0.936214999147101,0.915781868778813,0.945933683338726,0.383245396217702,0.0645582912812858,0.0286642623727549,0.0296080237126824,0.0119957022134361,"1000","AR2_M2"
0.914912047551454,0.891419283001301,0.929517460683489,0.51317384577379,0.0860605193972526,0.0380608898809894,0.0396875660961886,0.0219109611001892,"1000","AR2_M2"
0.917280899930533,0.894081791903397,0.931329025550025,0.509114294469262,0.0837059102257132,0.0370342300966985,0.0385770672664368,0.0210882897936592,"1000","AR2_M2"
0.916907774244877,0.893398835713137,0.930864755709186,0.457547342091952,0.0838910497850756,0.0371028827069657,0.0386588435830646,0.0190019559998314,"1000","AR2_M2"
0.912690533606819,0.888874665862271,0.92778206607891,0.550407347887736,0.088232561369373,0.0390048099750328,0.0407121100144601,0.0241524872265281,"1000","AR2_M2"
0.922185609726636,0.899513560507355,0.9350114153922,0.444097457535628,0.0787090265446477,0.0348486703550116,0.0362239170411142,0.0172050834835984,"1000","AR2_M2"
0.921421076733892,0.89860549562356,0.934397052556025,0.4838101981882,0.0794801132981905,0.0351837157126268,0.0365850870264649,0.0189429516676962,"1000","AR2_M2"
0.922115369073997,0.899402096908962,0.934936030184819,0.472923964921675,0.0787576625852722,0.0348685390123465,0.0362461390234534,0.0183345889201481,"1000","AR2_M2"
0.897403524543333,0.872628090254546,0.916608367083564,0.67506558694275,0.103651658693598,0.0457498813050645,0.048055665942486,0.0353921341986086,"1000","AR2_M2"
0.917984500713003,0.894732763246308,0.931771287928626,0.47630096740862,0.082901196960256,0.0366767707174711,0.0381950491725463,0.0195244681895555,"1000","AR2_M2"
0.910478156874184,0.886491547850421,0.926153220313057,0.534716555076947,0.0904723368538328,0.0399846384474018,0.0417735530033084,0.0241180507343083,"1000","AR2_M2"
0.921415019652791,0.898669424021265,0.934440320482142,0.484638228776026,0.0795050630832416,0.0351974955070254,0.0365985067507708,0.0189814534954883,"1000","AR2_M2"
0.920367424434548,0.897396247886038,0.933578144307578,0.456764854088993,0.0804973321430143,0.0356267982912087,0.0370632263224603,0.0181336498358175,"1000","AR2_M2"
0.935503245231939,0.915073944770144,0.945461700557725,0.371522943357108,0.0653771836748077,0.0290274841512119,0.0299914282177611,0.0117852512485414,"1000","AR2_M2"
0.90652228095324,0.882351163985155,0.923315012077381,0.555920209639494,0.0945558716710635,0.0417757042462562,0.0437151742356879,0.0263205390442562,"1000","AR2_M2"
0.925110452025631,0.902973651436632,0.937347808722661,0.434077325263816,0.0758628524708456,0.0336111177802599,0.0348906167416081,0.0161575302689839,"1000","AR2_M2"
0.922764194500288,0.900263219161455,0.935518229996058,0.470580230831354,0.0782000195839847,0.0346304337914778,0.0359865886276853,0.0181018142033646,"1000","AR2_M2"
0.926434888972332,0.90417703158109,0.938158683726487,0.405563400476312,0.0742990748162978,0.0329150312545494,0.0341520756644158,0.014763847715791,"1000","AR2_M2"
0.91301733361816,0.888941765417026,0.927827877874065,0.562027048257452,0.0876990782815372,0.0387580228803939,0.040453464466078,0.0245044816693291,"1000","AR2_M2"
0.91465997791301,0.891299872301187,0.929436112632656,0.545782520471731,0.0864568968329187,0.0382416047627359,0.0398778565733947,0.0234170340229072,"1000","AR2_M2"
0.929928397291417,0.908426296008238,0.941014987047423,0.415935639246646,0.0709223136148515,0.0314481700387257,0.0325763349780754,0.0143989829066727,"1000","AR2_M2"
0.911258876587168,0.88738581144739,0.926764851376105,0.51802221705857,0.0897223022215413,0.0396591511645231,0.0414190838534393,0.0231515099158481,"1000","AR2_M2"
0.920392200943948,0.897644642826228,0.933746430935762,0.467857910138627,0.0806353430842196,0.0356967969353133,0.0371324632754924,0.018605390168893,"1000","AR2_M2"
0.932854639527792,0.911831033356803,0.943295775971824,0.384337406858284,0.0679593607634292,0.0301524062291197,0.0311928815655756,0.0127092599359938,"1000","AR2_M2"
0.9222592269607,0.899664233322975,0.935113306664038,0.474167799920996,0.0786831073169416,0.034840248666196,0.0362130436317434,0.018362543987919,"1000","AR2_M2"
0.909168829987506,0.885236476255656,0.92529398796157,0.569391377700539,0.0919219753423535,0.0406262193054586,0.042464581482172,0.026131118183181,"1000","AR2_M2"
0.916298904332893,0.893253305753412,0.930765788527844,0.526804649987118,0.0849116788450935,0.0375731139647402,0.0391510099336729,0.0221591020415269,"1000","AR2_M2"
0.927081912654906,0.90485560608946,0.938615543043929,0.392851096464916,0.073600578701699,0.0326072895266642,0.033823859365286,0.0141567442994131,"1000","AR2_M2"
0.929266955918757,0.907684486835651,0.940517135135357,0.41183291876369,0.0716072878766404,0.0317485533577183,0.0328969580088239,0.0144048946362585,"1000","AR2_M2"
0.906360503924378,0.881763867366812,0.922911570533367,0.616718909489119,0.0944137228859048,0.0416925776625931,0.043638170891574,0.0291604158227187,"1000","AR2_M2"
0.922752002829794,0.900168623022524,0.935454296047144,0.442098940473921,0.07815276826662,0.0346063294054856,0.0359628614959778,0.0169961729086772,"1000","AR2_M2"
0.88822145686945,0.863577129345485,0.910312602143644,0.697021583103693,0.113096101107082,0.049911405800066,0.0526125347077466,0.0402851417707879,"1000","AR2_M2"
0.93178983080975,0.910769845054874,0.942585645949955,0.383828204797265,0.0691919109828822,0.0306985808525422,0.0317709702618635,0.0129373861491264,"1000","AR2_M2"
0.922266750348004,0.899676176697152,0.935121382685838,0.457829395504654,0.0786778984278973,0.0348381205042894,0.0362106636364933,0.017728507283089,"1000","AR2_M2"
0.937083694638961,0.916780697001542,0.946599107089764,0.384186788079409,0.0636653639739268,0.0282723951999566,0.0291919584902896,0.0118478505696164,"1000","AR2_M2"
0.914502421594078,0.890848322111618,0.929128417226847,0.485710962606722,0.0863936421060977,0.0382008465106577,0.0398423515812897,0.0208279787597315,"1000","AR2_M2"
0.925609749438401,0.90325522968322,0.937537623262842,0.457356498312997,0.0751507006077772,0.0332880147577102,0.0345514370838763,0.0168551361398893,"1000","AR2_M2"
0.909484261843996,0.885353330649226,0.925374028236092,0.520984532210783,0.0914300968476179,0.040400144105951,0.0422263550589774,0.0237733901818077,"1000","AR2_M2"
0.9022866067539,0.877735147815555,0.920138324671402,0.602796202236638,0.098720812553808,0.0435913176853661,0.0456972039060469,0.0299369129932019,"1000","AR2_M2"
0.916468743224448,0.893083968560584,0.930650615071026,0.519631862768164,0.084452673070349,0.0373559971361525,0.0389273382293319,0.0217352086262473,"1000","AR2_M2"
0.932539552662134,0.911623930888511,0.943157239371184,0.390620861774249,0.0684030938554646,0.0303526419381354,0.0314025477041748,0.0130057743651418,"1000","AR2_M2"
0.906906138828968,0.882690277842168,0.923547868611109,0.568082241806146,0.094106779365005,0.041575665484117,0.0435001021398023,0.0267572871772615,"1000","AR2_M2"
0.899322540452997,0.875095311798456,0.91831570757746,0.679656858648516,0.102121663855168,0.0451055577965108,0.0473332923455526,0.0350319574407983,"1000","AR2_M2"
0.920311100814989,0.897359118578836,0.933552986125607,0.489528432044345,0.0805747591072626,0.0356617731262539,0.0371001465336126,0.0194542536215199,"1000","AR2_M2"
0.906431487892939,0.882207713054902,0.9232164885082,0.548416207526907,0.0946149411585028,0.0417991920781755,0.0437421967206167,0.0259840784182479,"1000","AR2_M2"
0.903100382494579,0.878631704611004,0.920756352803361,0.589711060552365,0.0979333385018935,0.0432487640656583,0.0453222596628001,0.0290272640867539,"1000","AR2_M2"
0.929867576134367,0.908329498942302,0.940950042202132,0.397611116592677,0.0709656556761128,0.031466093667104,0.0325961253030696,0.0137739318742325,"1000","AR2_M2"
0.921213123202857,0.898529809896807,0.934345823847706,0.464986656408217,0.0797782604346033,0.0353206944180316,0.036728601501467,0.0182783602931805,"1000","AR2_M2"
0.9124950681622,0.888951692685479,0.927834655419744,0.516536198354567,0.0887070635455117,0.0392263713762043,0.0409421423781287,0.0227929604191415,"1000","AR2_M2"
0.905406798008589,0.88126728122564,0.922570276601389,0.564453330413444,0.0957635835385718,0.0423093722765303,0.0442923164351493,0.0270992315248285,"1000","AR2_M2"
0.906230155901828,0.882180736256195,0.923197959151861,0.571959160066801,0.0949626956744974,0.0419608610861901,0.0439118422415602,0.0272051948950824,"1000","AR2_M2"
0.918507792635064,0.895335463910912,0.932180525887365,0.485862889452205,0.0824119058452304,0.0364640746371576,0.0379646530729223,0.0197876007133937,"1000","AR2_M2"
0.908464116167886,0.884399928986273,0.924720743995371,0.571422319921842,0.092570497395315,0.0409058871544058,0.0427708338314441,0.0264298267900409,"1000","AR2_M2"
0.90734122034001,0.883128874508635,0.923848931292552,0.585094240287449,0.0936590265458271,0.0413785606923826,0.0432864785395576,0.0274142973141583,"1000","AR2_M2"
0.921280837925607,0.898637198187426,0.934418509749403,0.471277628609433,0.0797315178892383,0.0353016238351636,0.0367072393645869,0.0185134396847305,"1000","AR2_M2"
0.921640857783908,0.898989149582001,0.934656679491319,0.440105294125077,0.0793376001901322,0.0351272448198389,0.0365209235486935,0.0171967441658523,"1000","AR2_M2"
0.919856766312428,0.896939505973303,0.933268605640496,0.480346985932016,0.0810923095304614,0.0358917730049358,0.0373455118469034,0.0192214802312322,"1000","AR2_M2"
0.906460746823366,0.882254085621564,0.923248339047252,0.563301023466318,0.0945959862628121,0.0417916658419598,0.0437335306273181,0.0266831160374316,"1000","AR2_M2"
0.914671449913681,0.891067475295442,0.929277768171904,0.538105835563706,0.0862440249235533,0.0381370224124891,0.039772394408683,0.0230305278557946,"1000","AR2_M2"
0.91737731671686,0.894179139503977,0.931395178782952,0.499975385127625,0.0835992446146755,0.0369871771140321,0.0385265959793143,0.0206811781950429,"1000","AR2_M2"
0.920532959757288,0.898214504994468,0.934132368909143,0.482862566303593,0.0808296411597727,0.0358000529519143,0.0372316279520006,0.0192454089151815,"1000","AR2_M2"
0.897741686242061,0.87284895436177,0.91676136096052,0.672827201766383,0.103206831164255,0.0455479090817121,0.0478393918099942,0.0351101666108615,"1000","AR2_M2"
0.918181806769329,0.895045272343499,0.931983511370157,0.481278626897289,0.0827665941299618,0.0366221385367015,0.0381335227635508,0.019692246966276,"1000","AR2_M2"
0.915353892070568,0.892254709916969,0.930086348493335,0.527035611802431,0.085901536793611,0.0380078275898127,0.0396193611356366,0.0224504039535329,"1000","AR2_M2"
0.902691351512661,0.878343433541053,0.920557691558516,0.606124598737102,0.0984619242100757,0.0434876253230945,0.0455776937016499,0.0300098098789488,"1000","AR2_M2"
0.930641339849307,0.909257732109759,0.941572597369596,0.402722017553915,0.0702047455575549,0.0311346099598742,0.0322411287061447,0.0137899217086681,"1000","AR2_M2"
0.919056462921341,0.8960150959459,0.93264173578645,0.484568663900147,0.081878272566248,0.036233818287093,0.0377149574090274,0.0195953985539072,"1000","AR2_M2"
0.904053621049405,0.879525044872159,0.921371670126496,0.570253300557508,0.0968872959256694,0.0427851592736487,0.0448208199259634,0.0277404019736848,"1000","AR2_M2"
0.92715721066088,0.905351930154983,0.938949524008085,0.432584708304747,0.0738256392311936,0.0327222806293534,0.0339366038752805,0.0156349787852021,"1000","AR2_M2"
0.911118490827718,0.887235765706028,0.926662261887335,0.521713550910181,0.0898689661958909,0.0397233825758859,0.0414885884568622,0.0233581960724245,"1000","AR2_M2"
0.968625870006256,0.952578611898729,0.970058969645566,0.164901515123474,0.0292173261231589,0.0130424003609725,0.0132817358040945,0.00225777857439441,"1000","AR2_M3"
0.971016555879676,0.956612642505902,0.972655776963202,0.117989783687198,0.0273635313664282,0.0122364072506534,0.0124416212715368,0.00150925356874964,"1000","AR2_M3"
0.975179035016532,0.962483410539651,0.976418210739348,0.123567227177059,0.0233525028789372,0.0104619978933774,0.0106134663225861,0.00134315049616496,"1000","AR2_M3"
0.975076327527337,0.962317193328171,0.976311958110288,0.134084517323032,0.0234364259422446,0.0104988882214209,0.0106515712163328,0.00146286314882209,"1000","AR2_M3"
0.972470026744082,0.958370239424997,0.973784254550343,0.149697290280309,0.0257745211503136,0.0115297528323094,0.0117151924226032,0.0018009456946764,"1000","AR2_M3"
0.973598989857129,0.960115864705912,0.974903288257555,0.133377899066822,0.0247871470525431,0.0110953848811695,0.0112662727518294,0.00154135472518358,"1000","AR2_M3"
0.971881286478502,0.957914611273324,0.973491885847404,0.176161045303629,0.0265913876213798,0.0118967100181128,0.0120901701828284,0.00218781178176113,"1000","AR2_M3"
0.971615159745694,0.957265392743805,0.973075087320387,0.126484269393871,0.0266645198684175,0.0119246088272155,0.0121215494300332,0.00157560844333346,"1000","AR2_M3"
0.970666729380931,0.955842962663067,0.972161038833576,0.13263144286343,0.0275120648209324,0.0122973599811034,0.0125072995472312,0.00170636460319861,"1000","AR2_M3"
0.974012382943407,0.960732675991099,0.975298277105946,0.144999664417812,0.0244100629981078,0.0109289711927314,0.0110946645629759,0.00164946732320019,"1000","AR2_M3"
0.973242938254492,0.959653063586149,0.974606779894226,0.141703148189032,0.0251574786144866,0.0112598447436881,0.0114353003644318,0.0016626377894714,"1000","AR2_M3"
0.972487436147092,0.958392351064333,0.973798440170664,0.143705155756246,0.0257561299693173,0.0115215854432041,0.0117067941124794,0.0017275922839282,"1000","AR2_M3"
0.971849941296518,0.957484574564953,0.973215829234403,0.142890378094072,0.026360614632183,0.0117885503488075,0.0119822335606806,0.00175926637490475,"1000","AR2_M3"
0.972603092980204,0.958779595923538,0.974046829776176,0.118692972687762,0.0257927281039048,0.0115412464244418,0.0117250247493686,0.00142875886435555,"1000","AR2_M3"
0.974262170504716,0.961105378800864,0.97553683988701,0.137222598205023,0.024183047136915,0.010828753996363,0.0109913529635074,0.0015460841146867,"1000","AR2_M3"
0.972188064283678,0.958230318049983,0.973694482121389,0.121786718619794,0.0262172121366427,0.0117294710636728,0.0119187642446364,0.00149076246606092,"1000","AR2_M3"
0.965298869190389,0.948033851901694,0.967122128515797,0.225560568700869,0.0324430963137739,0.0144629418749823,0.0147541473362742,0.00344108956432803,"1000","AR2_M3"
0.971300358025342,0.956762748767439,0.972752223166805,0.163970871218687,0.0269247318704948,0.0120385558902947,0.0122397449326787,0.00206317867213108,"1000","AR2_M3"
0.971970723848571,0.957664003796696,0.973331024485113,0.146562374791611,0.0262497629566831,0.0117397179466305,0.0119317752895157,0.00179666452411333,"1000","AR2_M3"
0.972650441503727,0.958791075515431,0.974054191790132,0.122167281740094,0.0257117178608342,0.0115045751616267,0.0116877179472315,0.00146589044366622,"1000","AR2_M3"
0.970810028636182,0.956108320537276,0.972331645246329,0.179032320809926,0.0274207677705572,0.0122581449241124,0.0124661421365231,0.00229535094240683,"1000","AR2_M3"
0.967671488550536,0.951230357353174,0.969188969593713,0.169812404761745,0.0301036334281928,0.0134322563258751,0.0136858486140177,0.00239790890864738,"1000","AR2_M3"
0.971080599115555,0.956450560325361,0.972551621433554,0.129752304413492,0.0271319347262665,0.0121299862659843,0.0123341846409047,0.00164555674469998,"1000","AR2_M3"
0.97534856823185,0.96273504498809,0.976579035346955,0.121004781787275,0.0231952067108463,0.0103924387776365,0.0105418805404472,0.0013062106683164,"1000","AR2_M3"
0.973707120606718,0.960309391522277,0.975027240964519,0.161485418720446,0.0247190917820004,0.011065922835276,0.0112355208707288,0.00186084318070655,"1000","AR2_M3"
0.972438974185918,0.958415028543634,0.973812988511124,0.134414785250488,0.0258609491784016,0.0115693248773213,0.0117551984247995,0.00162256253560769,"1000","AR2_M3"
0.970333150550905,0.955254748943218,0.971782714236679,0.14873985595207,0.0277514439143248,0.0124009860292807,0.0126155498060359,0.0019309203934337,"1000","AR2_M3"
0.971018889096132,0.956296094502088,0.972452346170855,0.167799980741475,0.0271453173502175,0.0121347804823347,0.0123397928927638,0.00212927349901808,"1000","AR2_M3"
0.970227430057591,0.955091498996689,0.97167768053799,0.165736796956655,0.0278440559102166,0.0124415997309991,0.0126576613669987,0.00215898779394298,"1000","AR2_M3"
0.970779316154979,0.955909054411315,0.972203534962975,0.144600551975899,0.0273415077628663,0.0122205518588489,0.01242886408654,0.00184860529993399,"1000","AR2_M3"
0.976417579451176,0.964314443662372,0.977587633119046,0.124190819989093,0.0222042722727518,0.00995386905460113,0.0100908778805675,0.00128192538033557,"1000","AR2_M3"
0.969493542542205,0.95433781390011,0.971192566407047,0.197812740346015,0.0287346072413568,0.0128391056964964,0.0130658597303123,0.00266125751743703,"1000","AR2_M3"
0.972962627387403,0.959286086516738,0.974371576872589,0.120280625518385,0.0254472544613296,0.0113884656572863,0.0115675577876275,0.00142794917200036,"1000","AR2_M3"
0.970686694222551,0.955643322839005,0.972032657758061,0.160668704089583,0.0273538487445626,0.0122238353505057,0.0124334747910447,0.00205514728961387,"1000","AR2_M3"
0.972155809766947,0.958206622228592,0.973679277958674,0.119409404704008,0.026262243863111,0.0117497173397897,0.0119394460758545,0.0014642215159414,"1000","AR2_M3"
0.972707702499123,0.958760800183473,0.974034775656261,0.158758191856188,0.0255855767739317,0.0114470985887626,0.0116294618049536,0.00189548912888773,"1000","AR2_M3"
0.9771057893402,0.965464543292892,0.978321184757801,0.132880485703536,0.0216540226450666,0.00971193185146824,0.00984126112266043,0.00133668940046329,"1000","AR2_M3"
0.971261491939165,0.956634188099385,0.972669621224877,0.168637704610902,0.026915220374689,0.0120331675669371,0.0122348716835241,0.00212123482824535,"1000","AR2_M3"
0.970936174930067,0.956128454724832,0.972344588454671,0.163172310916176,0.0271956101355196,0.012156167198596,0.0123623382752548,0.00207456423232292,"1000","AR2_M3"
0.970168512839196,0.955057703826662,0.971655935078968,0.141382747462612,0.0279320557947429,0.0124812371440178,0.0126981522682048,0.00184767013771339,"1000","AR2_M3"
0.975737740009605,0.963371992083939,0.976985958976283,0.11051892729193,0.0228765858830453,0.010252373529548,0.0103972557504825,0.00117616178796185,"1000","AR2_M3"
0.965542520937427,0.948142361125525,0.96719238701617,0.202897461781535,0.0320585207427252,0.0142895292772278,0.014576633739445,0.00305788385718862,"1000","AR2_M3"
0.974007716754241,0.960807356545904,0.975346085651586,0.121178774248144,0.0244717682503022,0.0109575022977563,0.0111233088525215,0.00138198015264664,"1000","AR2_M3"
0.971310764166613,0.956726294662962,0.972728801885383,0.164957859153525,0.0268790738291449,0.0120175546572857,0.01221856408524,0.00207205561254556,"1000","AR2_M3"
0.970411547920833,0.955491188547657,0.971934810337758,0.129586173768715,0.0277626603924698,0.0124080663811934,0.0126216042485902,0.00168281389245579,"1000","AR2_M3"
0.971934854056391,0.957804282725581,0.9734210719773,0.132952900954364,0.0264178215005489,0.011817045748375,0.0120097200936026,0.00164032521183353,"1000","AR2_M3"
0.968706271036265,0.952882451621138,0.970254885921125,0.140904600125961,0.0292519935937173,0.0130609565499229,0.0132990768019776,0.00193134930420688,"1000","AR2_M3"
0.973009399864123,0.959299822446799,0.974380381900892,0.14581512272366,0.0253657672142444,0.0113516143415748,0.011530066052888,0.00172546371801314,"1000","AR2_M3"
0.969210290038278,0.953763696319983,0.970822812179756,0.141443549635778,0.0288881669134376,0.0129037236415515,0.0131345209737136,0.00191362753942338,"1000","AR2_M3"
0.969644543429043,0.954186739488975,0.971095287001074,0.16127465480213,0.0283444084227839,0.0126607814891805,0.0128851352938297,0.00213989891044423,"1000","AR2_M3"
0.973125321474559,0.959438727830005,0.974469417168446,0.156069285169383,0.0252378078041031,0.0112946401143405,0.0114715833852591,0.00183726835050471,"1000","AR2_M3"
0.968712361296037,0.952987099282883,0.970322350533114,0.189004012259614,0.0293108564405752,0.0130885936746572,0.0133266809058832,0.00259583442546866,"1000","AR2_M3"
0.970642031669602,0.955803928872233,0.972135939434877,0.159251991998911,0.0275331288899894,0.0123065857693259,0.0125168708316732,0.00205047106343563,"1000","AR2_M3"
0.971970061018448,0.957744881206422,0.97338294248706,0.152121587482934,0.0263055479225365,0.0117656683170102,0.0119577781844284,0.00186877755997683,"1000","AR2_M3"
0.969838687989121,0.954509857137115,0.971303331966811,0.1451751864361,0.0281928270906803,0.012594816315004,0.0128164072490202,0.00191559552055677,"1000","AR2_M3"
0.970385197033371,0.955367247345676,0.971855085861482,0.138656964801401,0.0277295168612509,0.0123919823323631,0.0126058445975332,0.00179850697504218,"1000","AR2_M3"
0.967745183789681,0.951495143276468,0.969359913265728,0.175705953030122,0.0301393321920299,0.0134509042049544,0.0137034512741298,0.00248388439935701,"1000","AR2_M3"
0.971055880859585,0.956339476518561,0.972480229202144,0.14411638509378,0.0271040958855647,0.0121164413049741,0.0123209382302926,0.00182589735543552,"1000","AR2_M3"
0.975240170510049,0.962673921598601,0.976539973500187,0.162623251188563,0.0233689764935396,0.0104707939734474,0.0106216119912924,0.00176881758224009,"1000","AR2_M3"
0.973248005465715,0.959603632432126,0.974575102974673,0.152329728008773,0.0251137330465436,0.0112396278463159,0.0114149854122141,0.00178420484758871,"1000","AR2_M3"
0.96883135094927,0.953208326501719,0.970464951235037,0.183812565055531,0.0292310053582366,0.013054363250545,0.0132906958983869,0.00251734686692858,"1000","AR2_M3"
0.96654158956717,0.950147178859288,0.968489255840416,0.131985093028589,0.0315153190964647,0.0140625585308176,0.0143340286113093,0.00195343220209131,"1000","AR2_M3"
0.969263649537734,0.953639107188325,0.970742546778435,0.171327770861565,0.0286995309211317,0.01281708376321,0.0130469571148931,0.00230267652987837,"1000","AR2_M3"
0.971161667823169,0.956816397819681,0.972786690584263,0.120091349847833,0.0272261196995847,0.0121757332292296,0.0123789592867442,0.00152819312275296,"1000","AR2_M3"
0.978552513556103,0.967486339256688,0.979608887259572,0.10835046561336,0.0202298926819913,0.00907876094748391,0.00919251729827346,0.00101674611406713,"1000","AR2_M3"
0.974752471724124,0.961819270205179,0.975993571209747,0.133544257776479,0.0237230003339099,0.010625296087504,0.0107818807491679,0.00147527433023707,"1000","AR2_M3"
0.970398162125445,0.955330130866304,0.971831209173832,0.156219357651048,0.0276880032126263,0.0123727843662765,0.0125864950795824,0.00202324658628938,"1000","AR2_M3"
0.976507404560693,0.96440782504412,0.977647221430096,0.124282392086551,0.0220975443157355,0.0099060723488231,0.0100420629692313,0.00127658687095146,"1000","AR2_M3"
0.97454729884195,0.961527594995937,0.975806999402354,0.145142261503359,0.0239212019065578,0.0107130744863305,0.0108721716602676,0.00161713492851603,"1000","AR2_M3"
0.975162202361945,0.962489998250293,0.976422421539115,0.114433542584902,0.0233931802673234,0.0104804741330316,0.0106321831400389,0.00124605739819891,"1000","AR2_M3"
0.978926943015543,0.968225939335309,0.980079363737856,0.104025743468154,0.0200020631524348,0.00897994182291294,0.00908987800331547,0.000964800762382577,"1000","AR2_M3"
0.9756992113929,0.963389595864059,0.976997202129837,0.112313527399524,0.0229626339991438,0.0102915312890905,0.0104368962652696,0.00119980347139168,"1000","AR2_M3"
0.972982112830407,0.959309560165335,0.974386623923484,0.16519614231806,0.0254257040909222,0.0113788717277531,0.0115577086555385,0.00195947772378384,"1000","AR2_M3"
0.969735231744462,0.95434114157809,0.97119470900781,0.162974613107784,0.0282742489858195,0.0126303052753045,0.0128533551809843,0.00215690074125085,"1000","AR2_M3"
0.971737578630552,0.957490129313962,0.973219395713159,0.18126281216778,0.0265794845814421,0.0118878730849817,0.0120831623281277,0.00225049767105314,"1000","AR2_M3"
0.973320505062568,0.959687305717277,0.974628722424206,0.132417345757004,0.0250316239986932,0.0112030223208394,0.0113774427011815,0.00154578941634876,"1000","AR2_M3"
0.97784745653413,0.966563919908413,0.979021678262829,0.102742183941539,0.0209647620593425,0.00940636234203999,0.00952759818235805,0.000999861664666954,"1000","AR2_M3"
0.971997994304425,0.957893039951965,0.973478040944626,0.159989544372069,0.0263538253148762,0.0117887459609172,0.0119805498574278,0.00196898402675501,"1000","AR2_M3"
0.972356698077412,0.95860454154895,0.97393455571194,0.192791335816609,0.0261464344814864,0.0117003443333978,0.0118874563661167,0.0023531340774843,"1000","AR2_M3"
0.973453023377627,0.959940777371103,0.974791127404281,0.153777466581774,0.0249483762498412,0.011167193063943,0.0113399503108451,0.0017889256282097,"1000","AR2_M3"
0.970664465594935,0.955752887284977,0.972103117492318,0.168797505063081,0.0274557065999425,0.0122710410793275,0.0124809639047774,0.00216721408459575,"1000","AR2_M3"
0.973270850727956,0.959594765645497,0.974569420731824,0.142871914860654,0.0250654327413666,0.0112176441204993,0.0113926975467992,0.00167016990202422,"1000","AR2_M3"
0.978628520464786,0.967655322196086,0.979716408638688,0.108298119783619,0.0201924772151444,0.00906284849678079,0.00917580999932057,0.00101429654709869,"1000","AR2_M3"
0.977634719024632,0.966353853128237,0.978887882618499,0.134151244610661,0.0212353425223051,0.0095277671307374,0.00965134641156339,0.00132266437890361,"1000","AR2_M3"
0.972403314129126,0.95843039863696,0.973822848757789,0.17124859725451,0.0259401336705366,0.0116053610566913,0.011791743856583,0.00207360054983325,"1000","AR2_M3"
0.969944596073522,0.954664138058495,0.971402647203676,0.172464687823199,0.0280976234210853,0.0125529432556275,0.0127730390433572,0.00226774983319996,"1000","AR2_M3"
0.975743991918067,0.963316691669585,0.976950638644478,0.12226726532378,0.022827169127074,0.0102295741201044,0.0103743546189116,0.00129837058145887,"1000","AR2_M3"
0.973628319477012,0.960232632466011,0.974978079843932,0.158641163493496,0.0248094731007632,0.011106394651757,0.0112769457790139,0.001834900533684,"1000","AR2_M3"
0.971517505023739,0.957328460251033,0.973115587314208,0.195130956340608,0.0268894654023086,0.0120272075395444,0.012225546000716,0.0024514893338519,"1000","AR2_M3"
0.964835952530665,0.947007141329031,0.966457006824708,0.181536983993805,0.0326430481787497,0.0145432938464569,0.0148419875910265,0.0027878836251607,"1000","AR2_M3"
0.972341570129031,0.958340771819435,0.973765349306998,0.12702922499274,0.0259982139723612,0.0116309964428733,0.0118181983351084,0.00154170260462412,"1000","AR2_M3"
0.968758034065515,0.952903948060507,0.970268744835262,0.16688268533824,0.0291696481784633,0.0130237873757146,0.0132611202375179,0.0022808643147688,"1000","AR2_M3"
0.97000278026466,0.954962452133591,0.971594641955653,0.143063230124268,0.0281859911396723,0.0125956018862031,0.0128149743243827,0.00188695114365341,"1000","AR2_M3"
0.971005401541746,0.956225775251304,0.972407147402015,0.145905121952757,0.0271256632715139,0.0121252712742461,0.0123304566310886,0.00185012706179585,"1000","AR2_M3"
0.971395387278209,0.956841769392411,0.972802990250312,0.150768819654863,0.0267949823008752,0.0119803597770922,0.0121802059527882,0.00188773605042321,"1000","AR2_M3"
0.97659159723021,0.964594574075979,0.977766374337467,0.115589167307231,0.0220585031507244,0.0098896328163797,0.0100246784320381,0.00118509314995333,"1000","AR2_M3"
0.976223353908533,0.963964030480637,0.977363983814659,0.112432901217544,0.0223500726279885,0.0100175812113664,0.0101568344578648,0.00116841052483536,"1000","AR2_M3"
0.97211472951913,0.957927856366301,0.973500386678746,0.160974343009349,0.0261523483490923,0.0116976404588597,0.0118878028593151,0.00196572213148427,"1000","AR2_M3"
0.973251177918869,0.959814447607851,0.974710189698169,0.112429301962284,0.025250436092488,0.0113032549955963,0.0114786747047027,0.00132402369252083,"1000","AR2_M3"
0.974742181285553,0.961866987804754,0.976024089420169,0.118640589066496,0.0237752397211705,0.0106493343156797,0.0108060750188696,0.00131353223719822,"1000","AR2_M3"
0.953232863228198,0.936511532796213,0.959622553019856,0.284127358845798,0.0473175714397076,0.0211012832481067,0.0216220159532724,0.00640189860731408,"1000","AR2_M4"
0.964830470911987,0.950958867822985,0.969013656018118,0.174888437317448,0.0353113082658258,0.0157978078582495,0.0160977430967536,0.00290533483924022,"1000","AR2_M4"
0.96968286989762,0.957777144995686,0.973403652677804,0.173472790053942,0.0306979254893864,0.013763093831773,0.0139876440756534,0.00249277433612452,"1000","AR2_M4"
0.967350135579813,0.954624087339681,0.971376866679014,0.173690644479866,0.0330087147684647,0.0147859626118435,0.0150454427278818,0.00269025620594095,"1000","AR2_M4"
0.964832477098249,0.951319491181714,0.969246518207468,0.20097288803409,0.0355494485304879,0.0159103468099165,0.0162101674484027,0.00336117190665455,"1000","AR2_M4"
0.969320885046258,0.957175186053408,0.97301715540893,0.159206467223045,0.0309767300538367,0.013884547467379,0.0141143471724889,0.00230940979611725,"1000","AR2_M4"
0.972868847245416,0.961861963519077,0.976020876155534,0.158918762995294,0.0273643712275048,0.0122805049619945,0.0124612778831446,0.00202898412821897,"1000","AR2_M4"
0.959834430918826,0.94480390753595,0.965027645381892,0.202867007990909,0.0405796079047,0.0181311562114283,0.0185192576440527,0.00389309716300925,"1000","AR2_M4"
0.969867577543678,0.957919641698303,0.973495114435663,0.164271774102057,0.0304365464880508,0.0136453383100679,0.0138672072284917,0.00234001249670961,"1000","AR2_M4"
0.966221163034107,0.953291386560962,0.970518483564748,0.18224581195058,0.034260332827761,0.0153430958571841,0.0156203636521064,0.00293322167990583,"1000","AR2_M4"
0.962472793268796,0.948302715957067,0.967296202459927,0.210026357766789,0.0379723537582472,0.0169823719218607,0.0173225106206715,0.00376118897581104,"1000","AR2_M4"
0.967864252414482,0.955594704632265,0.972001389689015,0.1859394679729,0.0327053787713158,0.014657191606025,0.0149088421492216,0.00285199404725661,"1000","AR2_M4"
0.954596573510279,0.938284581055926,0.960781629407582,0.265821190022761,0.0459755916836615,0.0205122987323392,0.0210041177238286,0.00581124721563314,"1000","AR2_M4"
0.967606014753255,0.954970661802309,0.971599924967855,0.21025615330656,0.0327630513018613,0.0146773655020836,0.0149329479856862,0.00323151960010824,"1000","AR2_M4"
0.965834021774223,0.952449212462978,0.969975516515881,0.197084112658868,0.0344352427800494,0.015413979393392,0.0156976166582233,0.00318951437151491,"1000","AR2_M4"
0.962765793428135,0.948824100344034,0.967633649261596,0.210907490591418,0.0377853960575126,0.0169029042648073,0.0172379885069787,0.00375722868011561,"1000","AR2_M4"
0.978334004308616,0.969209869370502,0.980704781050561,0.13010333021945,0.0218015033611299,0.00980368657966436,0.00991995913830578,0.00131601246824951,"1000","AR2_M4"
0.962434365152759,0.948382437442969,0.967347809457766,0.232615581967438,0.0381364114929213,0.017057858340096,0.0173989745569546,0.00418388562276403,"1000","AR2_M4"
0.971711199504798,0.960374626163035,0.975069018498305,0.151420568624305,0.0285747040806194,0.0128190991811114,0.0130152402156831,0.00202116469383452,"1000","AR2_M4"
0.966253810944326,0.95318537221616,0.970450156461853,0.179920316218896,0.0341160008350057,0.0152762431634846,0.0155529375505262,0.0028834963069362,"1000","AR2_M4"
0.950857993902652,0.933463965041895,0.957625991240302,0.282515657349828,0.0496737519738182,0.0221350831173316,0.0227080334166619,0.00669924902468554,"1000","AR2_M4"
0.954407969474694,0.937786969034827,0.960456516507059,0.221949591659375,0.0459966624016806,0.0205148692567316,0.021010784446277,0.00485533175958212,"1000","AR2_M4"
0.962216133564405,0.948013767090091,0.967109123077367,0.227510610036813,0.0382660566729139,0.0171130735676271,0.0174577734476862,0.00410690850927876,"1000","AR2_M4"
0.968862385111797,0.956558729192274,0.972621133440779,0.195736582488536,0.0314339878608039,0.0140870910733279,0.0143236395931416,0.00288258209323572,"1000","AR2_M4"
0.964729382104656,0.951154710699716,0.969140125272161,0.208678887193438,0.0356333278374002,0.0159468290326778,0.0162483681283078,0.00349865957595388,"1000","AR2_M4"
0.962873594896872,0.948925642932374,0.967699350618221,0.218761039202413,0.0376477156459035,0.016841230988005,0.0171744207905922,0.00388250145817422,"1000","AR2_M4"
0.959121370248264,0.94399664074321,0.964503219446195,0.247227474920791,0.0413739496156746,0.0184840085048549,0.0188855393565463,0.00484085912156629,"1000","AR2_M4"
0.966192017949389,0.953127807504048,0.970413052820584,0.198288100667812,0.0341958935038596,0.0153120714897187,0.0155897602843592,0.00318551357864269,"1000","AR2_M4"
0.956879019320089,0.941070251109104,0.962598961941478,0.224565790773251,0.043597235917073,0.0194623942342567,0.0199076322566903,0.00464427384289921,"1000","AR2_M4"
0.966149848731868,0.953009160976112,0.970336572533611,0.184190834682804,0.0341938550526425,0.0153099209677489,0.0155882827216373,0.00295899267021645,"1000","AR2_M4"
0.9599145661667,0.945021053158497,0.965168645298851,0.233690371893402,0.0405731894697674,0.0181309411481319,0.018517487888178,0.0044835259124896,"1000","AR2_M4"
0.956676774576387,0.940944732197554,0.962517172681624,0.247077217581911,0.0438921027272107,0.0195955550181658,0.0200448098255065,0.00514548309288492,"1000","AR2_M4"
0.976298999758948,0.966580521790996,0.979032251253239,0.146121344941975,0.0239584587712128,0.0107667931317261,0.0109054936250939,0.00162765362807509,"1000","AR2_M4"
0.97105985184088,0.959126151300016,0.974269046962965,0.135641485818841,0.0289778256113385,0.012991755105857,0.0131968718069082,0.00183731927605604,"1000","AR2_M4"
0.950979000941925,0.933786886474962,0.957837805974869,0.293183168339689,0.0496657498645566,0.0221363563621723,0.0227065075739736,0.0069502015799963,"1000","AR2_M4"
0.970596554833133,0.95892292673055,0.974138744287782,0.161899682311538,0.0297249455932626,0.0133302508598725,0.0135417701169702,0.00225061193051744,"1000","AR2_M4"
0.958117132971352,0.942634414339063,0.963617413821312,0.220047985539998,0.0423330968681321,0.0189050148380378,0.0193258396143501,0.00441317478805484,"1000","AR2_M4"
0.957725037250158,0.943122315217342,0.963934802042646,0.252143498345834,0.0434837073127655,0.0194368570595954,0.0198657826877468,0.00519643852846903,"1000","AR2_M4"
0.972164354148387,0.960971407326904,0.975451095457811,0.144499600201164,0.028109791407746,0.0126124858798099,0.0128025278110293,0.00189651757927421,"1000","AR2_M4"
0.965555062057954,0.952200930141021,0.969815365566285,0.185343334300455,0.0347760386845138,0.0155669655335581,0.0158549334408332,0.00303006771533253,"1000","AR2_M4"
0.966515423746191,0.953462352906948,0.970628659087541,0.193160810986951,0.0338063085265052,0.0151378713040362,0.0154104162377037,0.00306676345299718,"1000","AR2_M4"
0.963239807604738,0.94924413508772,0.967905386630723,0.191893834940961,0.0371608805451675,0.0166227086798263,0.0169494955795649,0.00336035293532101,"1000","AR2_M4"
0.974048252404787,0.963388203733751,0.976996313012781,0.158550272182231,0.0261275366363975,0.01172982723015,0.011895514094649,0.0019304443346753,"1000","AR2_M4"
0.956786656158201,0.941201256001026,0.962684316107469,0.243913979424304,0.043870899094759,0.019589178357974,0.0200363042977419,0.005076570410931,"1000","AR2_M4"
0.962451176682405,0.948268185331017,0.967273848220964,0.207629962981996,0.0379897984625007,0.0169899366347833,0.0173304574001082,0.00372006566192569,"1000","AR2_M4"
0.965087885410907,0.951757730532496,0.969529397453526,0.203595609164394,0.0353682201624002,0.0158323379495505,0.0161279667924737,0.00338678046516296,"1000","AR2_M4"
0.977575572931752,0.96817072345564,0.980044250424205,0.12028866661572,0.0225650136036927,0.0101440060983738,0.0102684109446064,0.00126032417439756,"1000","AR2_M4"
0.96470735858844,0.951140833650076,0.96913116463444,0.185791377136187,0.0356664604126939,0.0159617882220183,0.016263697090881,0.00311790064142696,"1000","AR2_M4"
0.961891875140095,0.947522512532233,0.966790950089591,0.204563326772134,0.0385405544380608,0.0172327082807668,0.0175831457205747,0.00372041834213141,"1000","AR2_M4"
0.964204518338089,0.950473341081545,0.968700022198817,0.219644570884919,0.0361668499064412,0.0161828034368016,0.0164931317596249,0.00373967870844927,"1000","AR2_M4"
0.97537057948205,0.965379177212022,0.978266762892731,0.15786980698387,0.0249407320400309,0.0112049460296279,0.0113545294321015,0.00183236049494109,"1000","AR2_M4"
0.96547710323586,0.952138539620242,0.969775115855199,0.218743621170472,0.0348840128434489,0.0156155361704173,0.0159047846176329,0.00358750201393797,"1000","AR2_M4"
0.960727915265636,0.946088786784801,0.965861561565166,0.235600628993559,0.0397686691030677,0.0177764419779881,0.0181479605801919,0.00442679478901185,"1000","AR2_M4"
0.967586677042471,0.955164685794568,0.971724770233022,0.161627752447958,0.0329474455839671,0.0147632652997134,0.0150192221243182,0.00249815913912337,"1000","AR2_M4"
0.960223509615204,0.945341733370887,0.965376823529941,0.244161115912533,0.0402084766105129,0.0179682761046881,0.0183490865767664,0.00464081314711612,"1000","AR2_M4"
0.964090466676347,0.950334624632502,0.968610391015344,0.201462563718689,0.0362957880971729,0.0162400473928835,0.0165523577144331,0.00344274689975495,"1000","AR2_M4"
0.963460869765563,0.949564023537416,0.968112266754016,0.211413197503116,0.0369581212237097,0.0165337875943465,0.0168567491914477,0.00368112187858222,"1000","AR2_M4"
0.968111704394649,0.95562456388361,0.972020593379167,0.174239384722277,0.032232852697799,0.0144421840246444,0.0146899743014933,0.00263324882344319,"1000","AR2_M4"
0.957683311852004,0.942111519347903,0.96327710725746,0.261089915029158,0.0427926389252228,0.0191082872301617,0.0195375762526025,0.00529553135357997,"1000","AR2_M4"
0.963169310546829,0.949131640166657,0.967832619167325,0.194026554236186,0.037218011591886,0.0166475097943054,0.0169755198594024,0.00340317277952621,"1000","AR2_M4"
0.960073852541229,0.945186063969433,0.965275773998284,0.24747282286209,0.0403880422879604,0.018048360926935,0.0184319746420965,0.00472550220203722,"1000","AR2_M4"
0.957852735824909,0.942546417939276,0.963560155825794,0.242581002798412,0.0427834656432503,0.0191096292747777,0.0195356716776194,0.00491820131544981,"1000","AR2_M4"
0.963743399488562,0.950021760105422,0.968408193719195,0.207459801418483,0.0367393061368246,0.0164389995409288,0.0167571549626558,0.00358984575248169,"1000","AR2_M4"
0.980269195131672,0.971904966279784,0.982415050148745,0.112553635065803,0.0198751336651167,0.00894459747945568,0.00904132346907895,0.00103584917810096,"1000","AR2_M4"
0.969953888688742,0.958160624541367,0.973649763128075,0.161671808245202,0.0304421831090265,0.0136500839459989,0.0138707442784572,0.00230319812537147,"1000","AR2_M4"
0.970739406829403,0.959078153534797,0.974238274097445,0.160626000051715,0.0295544080804434,0.0132539675012412,0.0134634725812096,0.00221976882352431,"1000","AR2_M4"
0.971017430257914,0.959440334818664,0.974470447147678,0.148694658574053,0.0292688567101954,0.0131271063036806,0.0133327489842507,0.00203444708238163,"1000","AR2_M4"
0.965922427507116,0.952780168123461,0.970188939334019,0.193359649811405,0.0344705359573045,0.0154337262237932,0.0157157243359974,0.00313215996486931,"1000","AR2_M4"
0.97335777343635,0.962485134245667,0.97641931251766,0.132401158163149,0.0268426503162819,0.0120481182089146,0.0122225423334977,0.00165736045969897,"1000","AR2_M4"
0.968732040748161,0.956401700064142,0.972520220404451,0.191543489714861,0.0315780288480091,0.0141512234820377,0.0143897182311794,0.00283413834302323,"1000","AR2_M4"
0.955130412078788,0.939317830790509,0.961456236407429,0.284351704068894,0.0457242799675087,0.0204112247799487,0.0208922887590454,0.00617891661167248,"1000","AR2_M4"
0.966530677275569,0.953997376356518,0.970973334234465,0.16963743249048,0.0341877733516737,0.0153170330973783,0.0155895928707283,0.00272363659734001,"1000","AR2_M4"
0.949982759969602,0.932429670284931,0.956947150866745,0.319098068348471,0.0505943474798072,0.0225410767102455,0.0231337760077354,0.0077140552965631,"1000","AR2_M4"
0.966477749190089,0.953499144299417,0.970652366289436,0.175060430150772,0.0339155309239603,0.0151879572133018,0.0154611849379539,0.00278847688408331,"1000","AR2_M4"
0.963465851972718,0.949448012329359,0.968037246160912,0.221043371231876,0.0368709710548846,0.0164926991097329,0.0168156095127071,0.00383970661330289,"1000","AR2_M4"
0.956111516989504,0.940152814764783,0.962000939992326,0.244580788240243,0.044410518706001,0.0198220261145059,0.020282668365438,0.00515670079955829,"1000","AR2_M4"
0.967334184230284,0.954506317938401,0.971301053517831,0.180993520310347,0.0329561592784139,0.0147608430460082,0.0150205631245747,0.00279895155792771,"1000","AR2_M4"
0.964196150791358,0.950503536167145,0.968719531179246,0.224612207573026,0.0362100179155359,0.0162027742258069,0.0165132934855981,0.00382885570562028,"1000","AR2_M4"
0.961974756731839,0.947920261374231,0.967048572611031,0.23732080243641,0.0386810804868336,0.0173013114613185,0.017650438791878,0.00433154695232467,"1000","AR2_M4"
0.967655455472548,0.955078568781007,0.971669360684972,0.182922990114787,0.0327339640871718,0.0146652425208823,0.0149199943233394,0.00280878463863155,"1000","AR2_M4"
0.96384178298449,0.950025664500641,0.968410717391106,0.200010100005659,0.0365499829416145,0.0163526847458186,0.0166691445902071,0.00344275132092496,"1000","AR2_M4"
0.956984334108486,0.94118716808658,0.962675137830259,0.24288688035347,0.0434770695774367,0.0194090254983459,0.0198521472989869,0.00500877807713644,"1000","AR2_M4"
0.954683652172775,0.9380406273036,0.960622261271593,0.251317693488912,0.0456461634230993,0.0203581701880556,0.0208482563677622,0.00545431426570923,"1000","AR2_M4"
0.957000408224198,0.941556721776667,0.962915863752151,0.249508989519143,0.0437259112650742,0.0195274498648085,0.0199704285663939,0.00517470075988665,"1000","AR2_M4"
0.962892678739658,0.948814532617633,0.967627458323373,0.22299115289495,0.0375253198322566,0.0167841805671205,0.0171169743125639,0.0039446315864636,"1000","AR2_M4"
0.972897599528601,0.961975387512551,0.976093412558529,0.182760672628679,0.0273943509601695,0.0122950455315894,0.0124754885689163,0.00233587139600721,"1000","AR2_M4"
0.961206582897461,0.946672773907508,0.966240265461421,0.225582880802844,0.0392611615585018,0.0175516759515046,0.017914464742314,0.00418239304349663,"1000","AR2_M4"
0.973679054794043,0.963069958262249,0.976793028886004,0.160345242338528,0.0266263759029929,0.0119543609331822,0.012124702181957,0.00199032778915876,"1000","AR2_M4"
0.972031082165519,0.960759015762196,0.975315139506337,0.150368249450624,0.0282215969746466,0.0126615886183886,0.0128534199181245,0.00198166333552501,"1000","AR2_M4"
0.96647811658116,0.953396574602882,0.970586271695285,0.17168705537242,0.0338324171696732,0.0151491018947205,0.0154222395162823,0.00272804073889678,"1000","AR2_M4"
0.961659735207913,0.947409631903253,0.966717820412144,0.228809432466506,0.0389494761375372,0.0174176789559232,0.017772650889228,0.00420655343009597,"1000","AR2_M4"
0.966995438743517,0.954385106907834,0.9712230164805,0.195841289749519,0.033537714149039,0.0150246714559902,0.0152897469035259,0.00308308565872043,"1000","AR2_M4"
0.957874932533975,0.942371572779263,0.963446373191614,0.237156554238509,0.0426211639278146,0.0190331632091938,0.0194588128440469,0.00478987220469654,"1000","AR2_M4"
0.970928829503611,0.959389502851151,0.974437866317062,0.184361208718703,0.0294106899332015,0.0131912234021406,0.0133981324038813,0.00253489316244313,"1000","AR2_M4"
0.962981349687342,0.94894883598141,0.967714356436677,0.202334625534563,0.0374483646194484,0.0167505887111606,0.0170818326130217,0.00357155619549392,"1000","AR2_M4"
0.964001655839708,0.950281113489018,0.968575811986275,0.208933707888063,0.0364202882673881,0.0162963368912098,0.0166100720226382,0.00358299669786381,"1000","AR2_M4"
0.963612045606172,0.949863138074825,0.968305658221281,0.215686746778917,0.0368824055912486,0.0165025231427849,0.016822935740483,0.00374725093293459,"1000","AR2_M4"
0.960460991683743,0.945634190190472,0.96556662764574,0.229712639437867,0.0399683605692462,0.0178620815131231,0.0182385852671905,0.00433904138915216,"1000","AR2_M4"
0.959955326762038,0.945021126538373,0.965168692942223,0.238032031716746,0.0405064788263876,0.0181003629776389,0.0184862572764908,0.00455912154065797,"1000","AR2_M4"
0.967262795980588,0.954528765974087,0.97131550488802,0.192981965256118,0.0331071937858953,0.0148299335598089,0.0150907389243549,0.00299824355745741,"1000","AR2_M4"
