"H_Shannon","H_Renyi","H_Tsallis","H_Fisher","C_Shannon","C_Renyi","C_Tsallis","C_Fisher","Var_Shannon","Var_Renyi","Var_Tsallis","Var_Fisher","n","Model"
0.953356027691152,0.936735938123435,0.959769352963636,0.26049580006401,0.0472416494446834,0.0210697515943846,0.0215878360505289,0.00585926254705724,0.0834654505362099,0.0173577205467496,0.057094158591807,3.42174434357037,"1000","ARMA22_M1"
0.945870890587047,0.927704048827193,0.953837561083184,0.331889583854633,0.0550142260281493,0.0244920364180942,0.0251819794389483,0.00876211738520498,0.0625908290921283,0.0259445766762388,0.0341075556431209,3.79627605843033,"1000","ARMA22_M1"
0.948096353722012,0.930226255904504,0.955498881209241,0.312103790152592,0.0526003969471767,0.0234259620771288,0.0240624046180917,0.00785973466759828,0.0952402077344015,0.017750244173551,0.0654916672412517,4.09440526881042,"1000","ARMA22_M1"
0.948085126876846,0.930143869348959,0.955444674355254,0.304658264645769,0.052552681510719,0.0234029159266154,0.0240394976769767,0.00766536445468801,0.0828821833885922,0.013788138678199,0.0573149575046432,3.55654208132,"1000","ARMA22_M1"
0.939176532972048,0.919367995108836,0.948320010159542,0.349707386845565,0.0616019167919765,0.0273721349008685,0.0282341166816527,0.0104117587511123,0.0906073164291021,0.00884846453255847,0.063437159943195,4.09127674420523,"1000","ARMA22_M1"
0.955154040227595,0.939039521739613,0.961274590343264,0.269606222162075,0.0454560375521169,0.0202849679713245,0.0207652860452962,0.00582398658929285,0.0850377014073393,0.0145811853579899,0.0605316654121334,3.80511094843076,"1000","ARMA22_M1"
0.954007858792921,0.93753026369071,0.96028874237918,0.260724703824607,0.046562601674088,0.0207703052472061,0.0212745028903422,0.00577616733416834,0.0744739415633951,0.0205300939979131,0.0484657790659503,3.19487112198943,"1000","ARMA22_M1"
0.93183754607327,0.910916394936479,0.942683754940513,0.403293863860264,0.0692231305601575,0.030715801101702,0.03178698602804,0.0135989363861791,0.0760873084788612,0.0226899732650426,0.0453015003327152,4.03670820622462,"1000","ARMA22_M1"
0.931957392063673,0.910698609936839,0.942537952377873,0.362061694631653,0.0688226764858473,0.0305268836669197,0.0315941477344426,0.0121364138603822,0.0821611083411011,0.0233527107290787,0.0490757968176518,3.64543130522381,"1000","ARMA22_M1"
0.931794446661341,0.910918959317446,0.9426854715712,0.386717797173978,0.0692929820342021,0.0307483044423578,0.031820591257622,0.0130537589970609,0.082430198211879,0.0261952816144449,0.0456567062254001,4.32435638723466,"1000","ARMA22_M1"
0.938509420162343,0.918679176651994,0.947862242299456,0.351517019839373,0.0623683955184495,0.027711632131743,0.0285919289755728,0.0106033864589546,0.0973459617535069,0.0098889867300162,0.0686816848685769,3.98641903911562,"1000","ARMA22_M1"
0.962950367010806,0.948752766728412,0.967587490518357,0.184423110376897,0.0373742380445263,0.0167145156795208,0.0170463337222676,0.00324904767412713,0.0703811001211966,0.0158697956922856,0.0502784777040066,2.23124930226319,"1000","ARMA22_M1"
0.928332987986212,0.906532728185545,0.939743497044122,0.412356492806464,0.072501287381821,0.0321364366838089,0.0333137529984448,0.0146179701076607,0.10727791360918,0.0278849257445017,0.0621907726201244,5.20103551878071,"1000","ARMA22_M1"
0.943752965112744,0.924854259593666,0.951955947629172,0.336082984400291,0.0569472304592403,0.0253314399054676,0.0260737458144114,0.00920519728841017,0.0652923363020788,0.0212699381732248,0.0385954082850009,3.59801278186734,"1000","ARMA22_M1"
0.952714429273716,0.935856027560302,0.959193570028682,0.254465008888187,0.0478376773188211,0.021329893217146,0.0218617990596492,0.00579972913273286,0.090285784071673,0.00786949606001923,0.0679164978354707,2.94268802229195,"1000","ARMA22_M1"
0.940208801194687,0.920467043310863,0.949049819580313,0.333774797974428,0.0604615189530533,0.0268679964402256,0.0277023141234498,0.00974272805200836,0.0741180482220637,0.0185162246206717,0.0462849729442422,3.47316852394501,"1000","ARMA22_M1"
0.939238324214376,0.919362216160923,0.948316170820915,0.351190255445745,0.0614917801428425,0.0273212275976667,0.0281816692943262,0.0104365273343324,0.0867575294850187,0.014859171098634,0.0577648645513449,3.89344513712295,"1000","ARMA22_M1"
0.952600358933046,0.93592358169355,0.959237791196429,0.284799927027018,0.0481307466819692,0.0214646862913492,0.0219993797245508,0.00653166691063856,0.0875339051495172,0.00571516270103777,0.0674336954338483,3.4483094554928,"1000","ARMA22_M1"
0.946676150735848,0.928344520246771,0.954259780618287,0.307865715231854,0.0539338728526385,0.0240072075013863,0.0246773822259875,0.00796147975987317,0.0712891209669162,0.0285490284256272,0.0401525357499938,3.85666394998312,"1000","ARMA22_M1"
0.950956126310024,0.93366232388782,0.957756108557644,0.304909693222354,0.049619604755078,0.0221133709509981,0.0226840213718041,0.00722164853424147,0.0941959071836279,0.000665998037739624,0.0747297154826343,3.89787206782789,"1000","ARMA22_M1"
0.930286879919004,0.908847132575682,0.941297276899353,0.429570251426802,0.0705709739791037,0.0312948125032971,0.0324121854320494,0.0147916189571919,0.0876998584212398,0.0289525943373462,0.0486453053214371,5.43902803764284,"1000","ARMA22_M1"
0.945837061782593,0.927392943186345,0.953632382716885,0.312076140557397,0.0548427093609337,0.024408363282052,0.0250989678171462,0.0082136357262049,0.0869894466805519,0.0262905863819216,0.0536334678063272,4.10726616726789,"1000","ARMA22_M1"
0.95165148348972,0.934622536596194,0.958385651854795,0.268932244535465,0.0489901203124688,0.0218393205762249,0.0223945931827602,0.00628413853905527,0.0762400409319111,0.0313180042280773,0.0436099321249075,3.71705947741768,"1000","ARMA22_M1"
0.957803434959268,0.942303522860988,0.96340208405349,0.241569218354494,0.0426974935692145,0.01906729577963,0.0194942203289097,0.0048880977581771,0.0837715088336318,0.00732250423725163,0.0642283020631473,2.88452236245523,"1000","ARMA22_M1"
0.937072679821104,0.91684628328061,0.946642780127633,0.375272882350696,0.0637344243711028,0.028305420918045,0.02922531599808,0.0115856464576117,0.0759410141200474,0.0305519020953592,0.0400944618253912,4.56532560477311,"1000","ARMA22_M1"
0.935086146068103,0.914503091357639,0.945080886577883,0.380686441052652,0.0657362877354692,0.029181729495015,0.0301574647955337,0.0121476776297457,0.0896642671729543,0.0213321917451422,0.0547359266713496,4.22157562969826,"1000","ARMA22_M1"
0.949640268245931,0.932256420513102,0.95683338004108,0.2731219588275,0.0511288153051008,0.0227831772104766,0.0233838072645045,0.0066747579862358,0.0853130982524447,0.0173084283926107,0.0571898351226236,3.33406331022716,"1000","ARMA22_M1"
0.947077844969801,0.929054337114843,0.954727431980367,0.335938122776331,0.0536976337538905,0.0239101820888896,0.0245709059545425,0.00864571787170824,0.097221534346633,0.0126993898895275,0.0691549881675008,4.757901141896,"1000","ARMA22_M1"
0.932570126872711,0.911672603750607,0.943189800312875,0.399575468949835,0.0683810754176957,0.0303434968596091,0.0313924940006623,0.0132992007628354,0.102914603361868,0.00918146092792901,0.0704366674840097,4.51739521305319,"1000","ARMA22_M1"
0.944509234651869,0.925613675986262,0.952457832590859,0.289289529789706,0.056072977842365,0.0249430451061174,0.0256664300629253,0.00779565166059541,0.085549124897891,0.0139346227308343,0.0594846895160221,3.00796395116449,"1000","ARMA22_M1"
0.938965656961551,0.91900152317836,0.948076499193008,0.349750052109875,0.0617472864269611,0.0274319510424491,0.0282998313434913,0.0104399460333757,0.0936261986735026,0.0158915902734809,0.0624679980432042,4.54646570031104,"1000","ARMA22_M1"
0.938325471785125,0.918478320861571,0.947728706427233,0.370668391937186,0.0626059105283163,0.0278165354466256,0.0287023967330972,0.0112258615462938,0.0840699138013538,0.0325839567615172,0.0453616805812785,4.60609433720131,"1000","ARMA22_M1"
0.958109513720504,0.942573175111743,0.963577566811832,0.265555708340647,0.0423105077442083,0.0188938497614476,0.0193148821349448,0.00532305585302508,0.0645871195052699,0.0163491525708442,0.0440959260763171,3.41091810500533,"1000","ARMA22_M1"
0.928532406978705,0.907175712649209,0.940175489143263,0.402161845458911,0.0726300813199858,0.032209440169443,0.033381103290236,0.0142788301308398,0.119381876030607,0.0154692272259146,0.0781923209924308,4.81074232804906,"1000","ARMA22_M1"
0.924596211440564,0.902291676090417,0.936887884264735,0.449279406123634,0.0763060460523321,0.0338007306973931,0.0350967385700556,0.0168304469792625,0.133341293151291,0.00558002125790867,0.0919536969825542,5.18875843268712,"1000","ARMA22_M1"
0.954867659129029,0.938522964011342,0.960937324655555,0.263187374730543,0.0456304118850099,0.0203576857186585,0.0208438800123274,0.00570884897369272,0.07898665508962,0.0161966913019663,0.054891057312529,3.27532905708887,"1000","ARMA22_M1"
0.951452759548526,0.934305924527317,0.958178131642138,0.252546102412015,0.0491443912743298,0.021905245760174,0.0224649409841473,0.00592106321268171,0.101323710083305,0.00467075291227799,0.0787602182353331,2.91620079260846,"1000","ARMA22_M1"
0.938814151761679,0.918847000587463,0.947973799027979,0.354662376692767,0.0619226679062165,0.0275096795252257,0.028381716861346,0.0106183600928501,0.0679320699965665,0.0339084709301836,0.0329529122428012,4.03364087180603,"1000","ARMA22_M1"
0.971521008051531,0.960163061878621,0.974933519730884,0.159159979575961,0.0288023774490016,0.012920919859947,0.0131196859964305,0.00214181676286123,0.0520794679061829,0.0142099437113836,0.0372134874844775,1.9789406272022,"1000","ARMA22_M1"
0.936964491571018,0.916674245194897,0.946528216773465,0.343164967618703,0.0638139074390531,0.0283386744613303,0.0292615999022681,0.010608828986803,0.0891972030943097,0.0173673731547664,0.0577386539804356,3.78202828211528,"1000","ARMA22_M1"
0.942739965245572,0.923953662767969,0.95136031625454,0.349932782500225,0.0582397624857363,0.0259089710346379,0.0266774924659104,0.00981261148822937,0.105406715622883,0.00621479270133197,0.0776026229496425,4.14199075000653,"1000","ARMA22_M1"
0.954571248077341,0.938235010626931,0.960749249257885,0.265854644953469,0.0459888434244607,0.0205176714173924,0.0210100211434317,0.00581380804186569,0.0885065463471731,0.0101951327774075,0.0656422449567678,3.50348888679699,"1000","ARMA22_M1"
0.942858435729186,0.923694469256638,0.951188803314525,0.311079501789623,0.0578025472595205,0.0257040245230586,0.026469120623978,0.00865653677568977,0.108395515934495,0.00944567665358939,0.0778890217087279,3.98058833691535,"1000","ARMA22_M1"
0.95256194897789,0.935883999755053,0.959211881048136,0.288048418790961,0.0481687083755814,0.0214815735884647,0.0220170241344634,0.00661164557457808,0.081150554836187,0.0116668905832489,0.0587368593719535,3.39547014940258,"1000","ARMA22_M1"
0.945830603160129,0.926997636037294,0.953371589809946,0.338066754527759,0.0545770715716754,0.0242799501716305,0.0249707375679892,0.00885465467820092,0.0770830235396952,0.0195223789533883,0.0508654694414898,3.82634557840207,"1000","ARMA22_M1"
0.936505307222434,0.915984636778662,0.946068816445041,0.347836238190756,0.0641683105650164,0.0284885830581624,0.0294242490254175,0.0108182617529322,0.105606233986896,0.0195411412319208,0.0690069995622513,4.25124964544329,"1000","ARMA22_M1"
0.941864480558483,0.922452893072378,0.950366677817109,0.312100055926543,0.0587857233169158,0.0261336422474406,0.0269244564665398,0.0088419812743224,0.082484585745896,0.0265814464644346,0.0488531751131561,3.39444696449621,"1000","ARMA22_M1"
0.931401050227485,0.910171121655972,0.942184691945402,0.395646030795549,0.0694575350259647,0.0308090276829411,0.0318926777239162,0.0133925030418986,0.0981936879025634,0.0167725506609277,0.0627043163025237,4.07118552032579,"1000","ARMA22_M1"
0.94709995122495,0.929086464540789,0.954748591581441,0.300667318989702,0.0536689981908179,0.0238976999882538,0.0245577739818848,0.00773367997459732,0.0862038357725348,0.0204084097022522,0.0561104319582413,3.6673153056335,"1000","ARMA22_M1"
0.942072659384585,0.922886865640381,0.950654142245787,0.344417432236799,0.0587156839501878,0.0261090149316314,0.0268945675995613,0.00974377273724121,0.0698491998780643,0.0198490478012379,0.0435555262925772,3.39800122914098,"1000","ARMA22_M1"
0.937638128910727,0.917202469118702,0.946879914772849,0.393461924466178,0.0629323083529265,0.0279431855636863,0.0288473287587726,0.0119870802116001,0.0961144124133324,0.0286441267281636,0.0574922045426226,5.41510816875902,"1000","ARMA22_M1"
0.939182457892791,0.919318761722961,0.948287300517172,0.366563199145009,0.0615780564851232,0.0273598949854357,0.0282220292225372,0.0109093070344137,0.0876343333138822,0.0275599294814399,0.0524283389417718,4.65056564640359,"1000","ARMA22_M1"
0.9446726115259,0.926007294641395,0.952717833923199,0.310531557381446,0.0560467288707208,0.0249376572299264,0.0256569801519926,0.0083627090000977,0.0614261859149707,0.0287201446556664,0.0317385041025542,3.24038456502269,"1000","ARMA22_M1"
0.944013143035942,0.925228265045162,0.95220316393845,0.322402830729759,0.0567322478209683,0.0252390578712282,0.0259748990252001,0.00879474180594668,0.0911474476599759,0.0259535049617563,0.0563863316087919,4.36879026152234,"1000","ARMA22_M1"
0.9390807195281,0.919111386620312,0.948149508954197,0.321945932042645,0.0616084294313443,0.0273701802331169,0.0282349052854659,0.00958721468757753,0.0744858977949107,0.0162816425168432,0.0477597569094751,3.18530184585495,"1000","ARMA22_M1"
0.947528453181884,0.929485048671304,0.955011054383119,0.309034310634811,0.0531349901516023,0.0236593631167614,0.024309108950672,0.0078662426913686,0.0896345422852323,0.0162676378161322,0.0612235285714728,3.96268329312584,"1000","ARMA22_M1"
0.961442573528641,0.946987733964176,0.966444428490149,0.223307783825745,0.0390270827268618,0.0174485519501697,0.0178070477712232,0.00411451735562625,0.0633140211028855,0.0201766023114479,0.0413145879830622,3.10107615572488,"1000","ARMA22_M1"
0.937448172892747,0.917444174638941,0.947040789793828,0.366013677956794,0.0634588232777007,0.0281901049283401,0.0290995135984298,0.0112464216047481,0.080315964456399,0.028152253473343,0.0444823142564328,4.14638039558823,"1000","ARMA22_M1"
0.944538013088371,0.925638116805646,0.952473979428512,0.299661118030726,0.0560355575174659,0.0249262980517394,0.0256489548849752,0.00806950600557398,0.0958975941503642,0.0163330331638415,0.0654362854903666,3.36388598611723,"1000","ARMA22_M1"
0.942899901871705,0.923829560007869,0.951278200228107,0.330621647558723,0.0578218365211283,0.0257152317466583,0.0264792775998653,0.0092030095760977,0.0653246448668819,0.0164179512450467,0.0413609512187559,2.89874455956926,"1000","ARMA22_M1"
0.952864954117725,0.93595547829876,0.959258669893672,0.290799763469341,0.0476642457974084,0.0212514642705609,0.0217805780532694,0.00660279353724092,0.0858064758918075,0.0206167251924478,0.058972192728108,4.03756791462219,"1000","ARMA22_M1"
0.944174996927915,0.925548014648577,0.952414451649532,0.326612429039723,0.0566657318408257,0.0252138553710764,0.0259457530642884,0.00889760273682866,0.061856754673548,0.0368809065914179,0.0268694529635071,3.71692748153458,"1000","ARMA22_M1"
0.945598041380831,0.927156154523419,0.953476179068745,0.295734138235212,0.0551388166664207,0.024540084864207,0.0252367265602354,0.00782752809667287,0.0954159232441766,0.00714134496249736,0.069474275572885,3.23216059668031,"1000","ARMA22_M1"
0.934936217690334,0.914284517183784,0.944935025070766,0.381804599192521,0.0658601318433605,0.0292344060296439,0.0302144613359974,0.0122082682873825,0.0875322849960547,0.0317971159343918,0.0475361731638423,4.95722431623523,"1000","ARMA22_M1"
0.952824802791324,0.936069955094443,0.95933359854632,0.277233083425256,0.0477790851338772,0.0213061695759828,0.0218356803562865,0.0063101855319511,0.0673820013200519,0.0265841621370511,0.0390551955249606,3.41715066611804,"1000","ARMA22_M1"
0.928294421544513,0.906501448573823,0.939722475343735,0.448465138795865,0.0725508328645614,0.0321586242590159,0.0333371579713151,0.0159095409218523,0.0806394824248274,0.0214841740606738,0.0464133872911469,4.53154217654666,"1000","ARMA22_M1"
0.94926272186522,0.931821590321192,0.956547755035033,0.2923573906456,0.0515318179067933,0.0229611747241486,0.0235704563657737,0.00720402832284227,0.0829192316720827,0.0157062011963902,0.05637120366328,3.69969601264509,"1000","ARMA22_M1"
0.954517679980983,0.938179774076735,0.960713166218649,0.276140534111406,0.0460604099189823,0.0205495437929009,0.0210431069045961,0.00604848042508881,0.0892626198259367,0.0196043028542966,0.0611314663289501,4.26646308171146,"1000","ARMA22_M1"
0.953413368669486,0.936780919604175,0.959798775090781,0.273110797742519,0.04716326006588,0.0210345348964206,0.0215513792026415,0.00613244621606048,0.086999860777606,0.0241231928550795,0.0564476275529512,3.77405160114033,"1000","ARMA22_M1"
0.949709373130365,0.932204634617717,0.956799369502778,0.311618365356492,0.0509665992821065,0.022707979172536,0.0233070930438729,0.00759084763958161,0.074670013441104,0.0243446423221373,0.0460877221082222,4.01476262200586,"1000","ARMA22_M1"
0.94160827934785,0.922455174371247,0.950368189246965,0.358192832142247,0.0592769985501013,0.0263592776922604,0.0271568957562913,0.0102354071960735,0.0708611677354401,0.022775199658162,0.041736414198323,4.00634659649977,"1000","ARMA22_M1"
0.937636784930946,0.917748565227072,0.947243337361022,0.401238942711786,0.0633703776764334,0.028154490328497,0.0290593245153868,0.0123091207766697,0.089857695468822,0.0121281814429383,0.0619296624591818,4.75263569402256,"1000","ARMA22_M1"
0.945426055519667,0.927003085932684,0.953375185854902,0.311262657456439,0.0553375115944681,0.0246289295244782,0.0253295923380689,0.00826973088917324,0.0879277554746237,0.00821258919057504,0.0631271411065578,3.28124909447408,"1000","ARMA22_M1"
0.9363748253207,0.916348410291463,0.946311188867921,0.362304366709862,0.0646955532112048,0.028738072084673,0.0296777501382568,0.0113624129099412,0.0914951911271105,0.0204525127536795,0.0575527585349464,4.35550501457764,"1000","ARMA22_M1"
0.953866661806568,0.937300172289216,0.960138329449761,0.258195084971405,0.0466695966840704,0.0208160044297111,0.0213232049986166,0.00573411825943418,0.0823260689335875,0.0166267272328559,0.057192311614253,3.30938647290326,"1000","ARMA22_M1"
0.938841222307835,0.918908286456752,0.948014533083258,0.363155450523129,0.0619041824406558,0.0275025084786766,0.0283736452465412,0.0108690780182229,0.0945975944419802,0.0132887349764881,0.0639876828913814,4.18584818489292,"1000","ARMA22_M1"
0.949400629160835,0.931806588665867,0.956537898977613,0.295198338582776,0.0512460959561574,0.0228301804647759,0.0234361219599481,0.00723265044991376,0.0909442328280306,0.0127974369766235,0.0645663450954077,3.58264026824727,"1000","ARMA22_M1"
0.951923516299153,0.935161854041003,0.958739006576138,0.292756181681077,0.0488635846623395,0.0217892533565581,0.022338600560782,0.00682121344747222,0.0925366400802983,0.0106171286350767,0.0677182150361978,3.95002176649488,"1000","ARMA22_M1"
0.946195757408648,0.927911159768629,0.953974121838794,0.310751394638214,0.0545313218952228,0.0242741328406605,0.0249559392796196,0.00812924874806916,0.0705186112051444,0.036195006775605,0.0346085936423683,4.16732053337059,"1000","ARMA22_M1"
0.932162734009457,0.910744661570478,0.942568785367913,0.434842966188321,0.0684685872486519,0.0303646697248516,0.0314257014817939,0.0144978758675506,0.0714499392696157,0.0322772175763135,0.0346769974810739,4.82120441701275,"1000","ARMA22_M1"
0.924422341548182,0.902220425515901,0.936839816633024,0.464218314815794,0.0765950880693187,0.0339324672820859,0.0352345009350436,0.0174592287358433,0.0938203905131219,0.0247544116297109,0.0529237045126228,5.19650372932758,"1000","ARMA22_M1"
0.932858891718418,0.911600090777238,0.943141290407964,0.352510289655864,0.0677950686802639,0.0300717572249799,0.0311122346311099,0.0116285682253501,0.08068952265262,0.0358599113238738,0.0408576232028889,3.59174117789082,"1000","ARMA22_M1"
0.936236315901688,0.915783104030479,0.945934506636604,0.39992142719699,0.0645187024818433,0.0286460711074987,0.0295892193477803,0.0125097062726723,0.10381040067946,0.00442798912251083,0.0750899396952048,4.39858540039368,"1000","ARMA22_M1"
0.931999072387188,0.91083458285142,0.942628986773973,0.405197573737518,0.06883016440294,0.0305333977859689,0.0315992237884204,0.0135832114126647,0.0771914675660988,0.032842465803702,0.0386129168374141,4.99595144366951,"1000","ARMA22_M1"
0.928933788871454,0.907334443451444,0.940282094877653,0.404086306468321,0.0719767248300582,0.031911485078324,0.0330702733227709,0.0142119526402714,0.0984610742613922,0.0247112091731632,0.0570323566042685,4.73755224762575,"1000","ARMA22_M1"
0.941611823912323,0.922183840598957,0.950188400706727,0.365049639277831,0.0590607773197346,0.0262553045499877,0.0270526165631112,0.0103932524439785,0.0794995329360191,0.018433167329675,0.0509409842946967,4.20820725109119,"1000","ARMA22_M1"
0.943623218408959,0.924761063713317,0.951894332581685,0.319383130480006,0.0571277434302722,0.0254126692602974,0.0261582983906306,0.00877672966638108,0.0822190976182987,0.0223546135858049,0.0505225768750309,3.56353899915527,"1000","ARMA22_M1"
0.93741731751535,0.917395025022696,0.947008079479434,0.375053476352972,0.0634814743029714,0.0281995845379135,0.0291098530806909,0.0115286784037141,0.118405679822039,0.00601472467910496,0.0855065209406819,4.68493557511478,"1000","ARMA22_M1"
0.962603865717429,0.948555209580908,0.967459639322286,0.220723017774917,0.0379032235302366,0.0169536594848096,0.0172915409927625,0.00394501326440327,0.0637690486210137,0.00346265728543361,0.051020772279166,2.31234605700941,"1000","ARMA22_M1"
0.947013490991791,0.929310919330131,0.954896403858312,0.325414001682869,0.0540263478461839,0.0240648291020236,0.0247273741123706,0.00842670862357742,0.0740574149944951,0.0141753928600906,0.0498453073039568,3.51087385192057,"1000","ARMA22_M1"
0.937324740290207,0.917247582533042,0.94690994412676,0.352728910615831,0.0635494336439505,0.0282280239544776,0.0291408743882738,0.0108551282422614,0.0861246867014092,0.0171842003720156,0.054086652968127,3.89688818222548,"1000","ARMA22_M1"
0.939130491296884,0.919236338981862,0.948232537324742,0.381485551780784,0.0616167176364022,0.0273761328561813,0.028239679851112,0.0113611687281985,0.089498659114882,0.0157774530114901,0.0592469152994481,4.41213526269484,"1000","ARMA22_M1"
0.922884852618229,0.900454653800347,0.935647596844796,0.45897377609728,0.0781162189516474,0.0345961554864387,0.0359482952354561,0.0176341230011346,0.101099816593938,0.0181389631665343,0.0615399217672966,4.83817084463418,"1000","ARMA22_M1"
0.938390374079331,0.918373572478772,0.947659056547821,0.365814927288296,0.0623590820503487,0.0277017907494695,0.0285851571441361,0.0110344296400221,0.087769880409814,0.0218392239943316,0.0542825620789679,4.44564280797338,"1000","ARMA22_M1"
0.951584809797688,0.934493260702856,0.95830092637429,0.284481339324917,0.0490167356834483,0.0218496938324272,0.0224063486823449,0.0066515516234041,0.0863778521349816,0.000366179980935947,0.0685149737153304,3.27801435907239,"1000","ARMA22_M1"
0.945259174197512,0.926736873050029,0.953199508111655,0.321643311337957,0.0554637434048574,0.0246823790325724,0.0253871754076665,0.00856653312779815,0.0667559778876675,0.0278452623400457,0.0362933657090548,3.96717391667814,"1000","ARMA22_M1"
0.937083061940942,0.916607738973574,0.946483924313868,0.336315693006237,0.063539693167064,0.0282112833063809,0.0291308102674917,0.0103510988314428,0.101861767844986,0.0112847923419221,0.0713040931001399,3.69732802541617,"1000","ARMA22_M1"
0.950932867363432,0.933640002928476,0.957741467847663,0.280954243982637,0.0496652105427758,0.0221337077417177,0.0227050786973272,0.00666055343130291,0.10218503748725,0.00853378092240168,0.0767947701306846,3.90798784689891,"1000","ARMA22_M1"
0.926188365473398,0.904096763417139,0.938104623745089,0.447779856049099,0.0747026697765431,0.0330996966621691,0.0343447512918639,0.0163935742349478,0.119826083845257,0.0198264505900589,0.0751653202105903,5.60244084935622,"1000","ARMA22_M1"
0.964362347542495,0.950714520057055,0.968855832694944,0.203265397676694,0.0360307975567414,0.0161233786798237,0.0164310412296627,0.0034472230202707,0.0623862130023323,0.0100305721046175,0.0467269013092772,2.5060071297636,"1000","ARMA22_M1"
0.915232543249312,0.891802844140479,0.929778701276774,0.536543776609098,0.085771632848643,0.0379361605053976,0.03955160524312,0.0228238909096916,0.0680890054536355,0.0181723269829904,0.0365275253335626,5.65080344470778,"1000","ARMA22_M2"
0.894237769496397,0.869343211037459,0.914329334853379,0.639791874427963,0.106793454174185,0.0471254151255988,0.0495640259444339,0.0346818808654659,0.0954179879806486,-0.00025496862624378,0.0592406554297063,5.84339791242301,"1000","ARMA22_M2"
0.882794537181614,0.857699026718684,0.90619642023816,0.746787824542645,0.118136444888577,0.0520992504099419,0.0550451297574644,0.0453621662866876,0.0882183139072705,0.00378273716705732,0.049594303713072,6.77591174904558,"1000","ARMA22_M2"
0.908586964407636,0.884443645943255,0.924750711677666,0.571698799204998,0.0923778214199816,0.040817244008824,0.042677422828478,0.026384009307699,0.0752944120672879,0.0125081768244505,0.0430370436819058,5.25842587497373,"1000","ARMA22_M2"
0.910417208898323,0.886892938833857,0.926427812052002,0.508682077328978,0.0909233240423647,0.0402048402452725,0.0419970444587174,0.0230596961134179,0.090539324966411,0.00550336504387368,0.0574792101515184,4.41689097796847,"1000","ARMA22_M2"
0.899985095176839,0.875357612053816,0.918496999987744,0.594081722761451,0.101073460818491,0.0446230888596792,0.0468222046434687,0.0302844930342203,0.0751820524833498,0.0026100879153055,0.0466310545279288,4.42641506353624,"1000","ARMA22_M2"
0.91767885555856,0.894481998304194,0.931600951676722,0.534504186414966,0.0833006584501957,0.0368554409064664,0.0383848572559567,0.0220232352289066,0.0560494540216088,0.00758548729364952,0.0344712325194668,3.92674689222585,"1000","ARMA22_M2"
0.886118433728295,0.861014761060135,0.908520950785188,0.718921453556524,0.114830129844756,0.0506462132080913,0.0534406003920655,0.0422880662020981,0.12011692463611,-0.00330100736549748,0.0738394672254451,7.20244651972038,"1000","ARMA22_M2"
0.89751270011454,0.872685689262289,0.916648269175821,0.629920415314629,0.103473854026611,0.0456688603476724,0.0479694835242616,0.0329646146729757,0.0800789518198437,0.018774084606968,0.0396764328343071,5.73417311871881,"1000","ARMA22_M2"
0.902733507306399,0.878784374413227,0.920861544014364,0.629392480820144,0.0987582884052357,0.0436383795372884,0.0457278335038947,0.0312541605832308,0.0651307019459827,0.0232499511888989,0.0286116888328205,6.17337470586769,"1000","ARMA22_M2"
0.907778145646659,0.883556451918958,0.924142316253354,0.580908145718543,0.0931777750158485,0.0411660514447438,0.0430569999806189,0.0270652707694943,0.0684198572759762,0.00761717541592537,0.041267701049469,5.10570458056976,"1000","ARMA22_M2"
0.909115744525939,0.884926501780258,0.925081628071034,0.579998297722931,0.0918088633009677,0.0405643881752519,0.0424050700022832,0.0265867007514037,0.0939187652347838,-0.0014753731040989,0.0640716023696179,5.60805367474685,"1000","ARMA22_M2"
0.894009621057647,0.868984996880157,0.914080401911202,0.625625531521415,0.106935004920554,0.0471804715091117,0.0496288710555915,0.0339675686821895,0.087012117801763,0.0166147878199276,0.044686830306761,6.05307152528964,"1000","ARMA22_M2"
0.894147770418408,0.869036709888202,0.914116343647292,0.683452232064374,0.106725886338632,0.0470837333859923,0.0495261128998844,0.0370289106437403,0.0718198843536377,0.0176076269740799,0.0345924229788087,5.8433055744774,"1000","ARMA22_M2"
0.906888915148248,0.882663090950256,0.923529203019085,0.556931163149918,0.0941180198873224,0.0415801404543476,0.0435052449444603,0.0262356908594039,0.064242880652037,0.0141563426708074,0.0342289708730553,4.71031046602587,"1000","ARMA22_M2"
0.895275367950333,0.870247089277391,0.914957109890957,0.642197004227509,0.105630729504475,0.0466067178454189,0.0490011956222186,0.0343933291429423,0.0557142083395333,0.0199444101575902,0.0231848073630095,5.14343482138408,"1000","ARMA22_M2"
0.884978135858974,0.859776238364931,0.90765347918415,0.740793868723899,0.115893656222379,0.0511075260425626,0.0539534843545388,0.0440348782027025,0.0810112458886044,0.00458375342267133,0.045734957553017,5.9156528520402,"1000","ARMA22_M2"
0.912254251795248,0.88844623218479,0.927489490767485,0.514548313354742,0.0886982936265049,0.0392105393289055,0.0409336680571581,0.0227089903097498,0.0679554120475779,0.0140083999458054,0.0381094519815988,4.36863094620104,"1000","ARMA22_M2"
0.899107357683576,0.874195647356034,0.917693568440331,0.658731237865451,0.101770192814661,0.0449148530084106,0.0471497105458298,0.0338446168317803,0.0731336351666394,0.00895632255829715,0.0415425597861996,5.49729873325205,"1000","ARMA22_M2"
0.907819692610765,0.883654710291202,0.924209720981735,0.558133912402265,0.0931748956171461,0.0411674730250188,0.0430568391871498,0.026002195784818,0.0865580130983364,0.0142505312153315,0.0490626570991656,5.37591083569916,"1000","ARMA22_M2"
0.894478364128778,0.869514600692573,0.914448410021016,0.647301036834202,0.106489820896421,0.0469880511246914,0.0494162474175085,0.0349797624877204,0.078373376700079,0.0224510092791667,0.0357401037430197,5.76988562038956,"1000","ARMA22_M2"
0.907388669324563,0.883324288755031,0.92398302996539,0.577911030045208,0.0937178004684725,0.0414115231991602,0.0433176639294853,0.0270933068777018,0.0927134728743565,0.00975448842575492,0.0550252787440036,5.34316689007127,"1000","ARMA22_M2"
0.893192931015885,0.868057460575855,0.913435459880062,0.693856727622856,0.107680357277318,0.0475020094593748,0.0499851931771508,0.0379693630155853,0.05661125991509,0.0143479001204172,0.0273269878425798,6.10512169619731,"1000","ARMA22_M2"
0.888401393315934,0.862763232957639,0.909743957642001,0.639883317524066,0.112168313922965,0.0494452853044722,0.0521377683022302,0.0366719535417466,0.0842928887602546,0.016590018058977,0.042228337347786,5.64080424419161,"1000","ARMA22_M2"
0.912944959116928,0.8891277511899,0.92795484408565,0.556796528024496,0.0879515660440278,0.0388808225895935,0.0405786993103786,0.0243482525381196,0.0836056391083429,0.00331518495087419,0.0550528374265065,5.08878524094583,"1000","ARMA22_M2"
0.898860971274538,0.874162282969945,0.917670486537831,0.624551660331979,0.10219056222398,0.0451110178566547,0.0473562523929626,0.0322298978696704,0.0869842746147486,0.00959935047970282,0.0490000645539865,6.15255263156012,"1000","ARMA22_M2"
0.909978936245596,0.886141116992312,0.925913409669713,0.528357380623296,0.0911288617318967,0.0402809580725276,0.0420888710821668,0.0240173275882222,0.087173157364237,-0.000579818414582622,0.0588442497175118,4.06480151955661,"1000","ARMA22_M2"
0.901248852262898,0.876617490437159,0.919367188678573,0.592961819185754,0.0997473633787926,0.0440391703678613,0.0461868131705271,0.029788986486838,0.0849748631700201,0.0116542715653526,0.0478539651999864,5.52926563963878,"1000","ARMA22_M2"
0.903838897640508,0.879465851719299,0.92133091413876,0.59087307585261,0.0972341452035351,0.0429456372379399,0.0449899710572634,0.0288532189392284,0.0818638629850362,-0.000989749373097743,0.0535363961387119,4.91784513360558,"1000","ARMA22_M2"
0.913838077768582,0.890316162213456,0.928765632915804,0.521677748189622,0.0872063026669085,0.0385651636110662,0.0402306507619548,0.0225971273633488,0.0703672170307694,0.00986380755757497,0.042155372488746,4.711057399576,"1000","ARMA22_M2"
0.914698819084426,0.891110755706925,0.929307259920145,0.489099539710454,0.086225583872099,0.0381295788422533,0.0397639622335087,0.0209279927794218,0.0963846045871922,0.00123884950364443,0.0654428579002661,4.09793311497161,"1000","ARMA22_M2"
0.921325322549571,0.898745013162505,0.934491477418738,0.457844454694987,0.0797454887827502,0.0353103406457435,0.0367147654951533,0.0179880204299076,0.0567070145304066,0.0181110569645838,0.0295196473396125,3.91272392404057,"1000","ARMA22_M2"
0.893048593231997,0.86788671180737,0.913316675047511,0.704671265980297,0.10781125707588,0.047558084634607,0.0500475363191734,0.0386142744797605,0.0754851538025887,0.0146566231450325,0.0386250944157248,6.51276798587049,"1000","ARMA22_M2"
0.899464346491585,0.874732175141484,0.918064650382165,0.6210698001551,0.101525266738977,0.0448164636634029,0.0470365812688348,0.0318201992816669,0.074353935927842,0.0174775173151974,0.0372634108892749,5.63880043134534,"1000","ARMA22_M2"
0.899665078457037,0.875154373162684,0.918356532363805,0.596362540031484,0.101500830505063,0.0448173008314184,0.0470297152634989,0.0305401654619984,0.0761684738055169,0.0192457144388272,0.0372468653789389,5.11775247791795,"1000","ARMA22_M2"
0.901376126997521,0.87674484479722,0.919455096746723,0.610193175954464,0.0996115437976249,0.0439793835374571,0.0461218204877457,0.0306085856979829,0.0557041353468983,0.0170268649008714,0.0260285828285506,5.40344896244392,"1000","ARMA22_M2"
0.894219759004295,0.869218436742647,0.914242634805828,0.625910643714041,0.106732541560131,0.0470927243962567,0.0495320561694041,0.0339107365825881,0.0920556143461839,0.0191458328309241,0.0463459056381123,6.60935911963386,"1000","ARMA22_M2"
0.902271352725049,0.877663152463184,0.920088674207849,0.609650996243247,0.0986948031508449,0.0435769950512295,0.045683471489171,0.030269880160411,0.061175036874727,0.0220662742707333,0.0269301520345717,5.41195029716317,"1000","ARMA22_M2"
0.906448529213909,0.882234740398927,0.923235052133159,0.572325278879223,0.0946039101267142,0.0417948134159912,0.0437371540431069,0.0271132241212765,0.0972071244672371,0.00346563547313884,0.0618019298033844,5.67744908979414,"1000","ARMA22_M2"
0.890496972563536,0.865520911611799,0.911668986934093,0.707359968422572,0.110551394129538,0.0487732436101317,0.0513737484502071,0.039860666099542,0.058194616192916,0.026636289451878,0.0207767088261977,6.58829877517568,"1000","ARMA22_M2"
0.895192918134302,0.870361290335711,0.91503639035317,0.634427394529077,0.105864164990669,0.0467201472735224,0.049118263177172,0.0340554452913718,0.0647412729920964,0.0160884830873804,0.0312487541997982,5.5834028653957,"1000","ARMA22_M2"
0.904484261674539,0.880069400079301,0.921746371187599,0.612886976617693,0.0965308337206206,0.0426338213333472,0.0446528081766417,0.0296905151528954,0.0669803054262609,0.0168654621858483,0.0337998619280046,6.03415370824422,"1000","ARMA22_M2"
0.899868038911601,0.875096606042603,0.918316602216598,0.569899198338179,0.101136114952668,0.0446432430989922,0.0468481205749303,0.0290735311709042,0.102173230566883,-0.00969148991798579,0.0717967908667543,4.25611850444831,"1000","ARMA22_M2"
0.896844726377983,0.872186284332808,0.916302234642111,0.641095543645902,0.104304702190888,0.0460434840565091,0.0483724040260061,0.0338439998115076,0.074846096671205,0.0226455959617635,0.0339481364943169,6.05226552943694,"1000","ARMA22_M2"
0.909617616221882,0.885563960664553,0.925518279648875,0.566169055104453,0.0913421122122519,0.0403649499874929,0.0421861104673935,0.0258065894829409,0.0552960083582088,0.0161057121719388,0.0279057877812545,5.23063641699518,"1000","ARMA22_M2"
0.891206274826702,0.866020823225978,0.912017447052723,0.645066401242904,0.109659530260465,0.0483691858531571,0.0509381994228378,0.0360283907875546,0.0713798300612905,0.019495631732807,0.0331721408903096,5.5163975200084,"1000","ARMA22_M2"
0.905012498670608,0.880581186856335,0.922098487497732,0.589858279341825,0.0959494774824384,0.042376953996066,0.0443749262053092,0.0283862493782135,0.0798372077544566,0.00381652141699832,0.0499302684817246,5.26593954432008,"1000","ARMA22_M2"
0.899181154623255,0.874362361265313,0.91780889288634,0.637385357597728,0.101761223447358,0.0449157726604966,0.0471476099668889,0.0327423241064032,0.0460490340426421,0.0305508415770152,0.0118146187026459,5.83650707934952,"1000","ARMA22_M2"
0.912800834689731,0.888929682322875,0.927819628421524,0.491059763431497,0.0880700821041151,0.0389306879184707,0.0406338736539006,0.021505969234275,0.0376734883560475,0.0381331810928552,0.00405085123867937,4.50085704371659,"1000","ARMA22_M2"
0.892353195406937,0.867315283220427,0.912919017015625,0.67220177594548,0.108603273956641,0.0479132280051775,0.0504325218969022,0.0371345433194396,0.0860558580091173,0.00667963366567023,0.0490643453258213,5.89382961122307,"1000","ARMA22_M2"
0.901418828797234,0.877157418468986,0.919739812432486,0.644032806949232,0.099887424150602,0.0441198499249582,0.0462616876288384,0.0323939924477244,0.08889720329136,0.00742971139738109,0.0543469969354189,6.97966707052736,"1000","ARMA22_M2"
0.913179854882921,0.889489297006784,0.928201598689547,0.533276963525497,0.0877870629245354,0.0388138944830554,0.0405031505514165,0.0232701572263719,0.0708678710204373,0.0132660086773092,0.040615391891342,4.95183463502268,"1000","ARMA22_M2"
0.893052760395241,0.867837145185883,0.913282189622164,0.618255194515458,0.107766792655638,0.0475355335099563,0.050024772930792,0.0338647529431334,0.0844752649341377,0.0172757010253251,0.0425720728220925,5.45103434715916,"1000","ARMA22_M2"
0.910156725023993,0.885983819417086,0.92580574160399,0.547050646711208,0.0906851135181179,0.0400698675000519,0.0418708700812011,0.0247411368572823,0.0829940857234855,0.0116234988385658,0.0496227395056961,5.61708906054283,"1000","ARMA22_M2"
0.909987940197086,0.886029798073341,0.925837214942521,0.516731018992268,0.0910294233029058,0.0402315513674225,0.0420390686090088,0.0234629699575941,0.0798564977009021,0.0062645091758296,0.049671591872566,4.34433364784812,"1000","ARMA22_M2"
0.892044990973202,0.866903015852678,0.912631993076893,0.687333501532555,0.108846257413659,0.048014184054558,0.0505469235754956,0.0380685689701837,0.0683777441645224,0.0228533703770191,0.0294813655413156,7.02622082734158,"1000","ARMA22_M2"
0.883697598499616,0.858648303369404,0.906862626250789,0.718827577913843,0.117282954032709,0.0517271838091611,0.0546317387149741,0.0433040234330338,0.0919197657209679,0.0127424338333089,0.0471945072353199,6.74115760572696,"1000","ARMA22_M2"
0.909968751086407,0.885749019024326,0.925644995675939,0.519519045131172,0.090855718617554,0.0401429021109834,0.0419510218502656,0.0235450468762183,0.0657439942736837,0.00532518440397696,0.0409973420889759,4.0020901815356,"1000","ARMA22_M2"
0.913985097921077,0.890030525175262,0.928570836947716,0.464964215314985,0.0867416650943251,0.038341212143254,0.040001472356738,0.0200299777526203,0.0658309948692768,0.0114070292548429,0.0397212849524446,3.52523695793984,"1000","ARMA22_M2"
0.899288861801207,0.874455877306012,0.917873575122857,0.635872537747289,0.101636369630987,0.0448600886847435,0.0470874415164855,0.0326206263527164,0.0731349390248857,0.0177663863748165,0.0360235146383799,5.53251147185452,"1000","ARMA22_M2"
0.896419239868687,0.871485329040043,0.91581628590662,0.631352290608396,0.104523043540607,0.0461246682565385,0.048470950644583,0.0334152670009892,0.0597765605719448,0.0244531053269699,0.0233126389797163,5.40115444528497,"1000","ARMA22_M2"
0.900010328439425,0.875099141159669,0.918318354599302,0.653496535515528,0.100834836682374,0.044503345578624,0.0467012675064086,0.0332336998022201,0.0702334676537877,0.0229623237110596,0.0321963437114651,6.27636101225343,"1000","ARMA22_M2"
0.892092772508637,0.867206839343808,0.912843527769869,0.674905775968977,0.108987880480201,0.0480909302022459,0.0506217114394187,0.0374268802927983,0.0634027016783191,0.0169692098745144,0.0290702458306672,5.83397192268649,"1000","ARMA22_M2"
0.902737195000823,0.877941426387081,0.920280563716132,0.588846652180844,0.0980787106405962,0.0432963464772646,0.045384333106271,0.0290394186998513,0.0713124802036388,0.00890355804836748,0.0412390413637052,5.02043419276871,"1000","ARMA22_M2"
0.922018078122812,0.899332596823638,0.934889021985398,0.492528320505143,0.0788878278681249,0.0349271535877512,0.0363080495177358,0.019128198352154,0.043060979347617,0.0173488534717571,0.0208825712645971,4.23934104798954,"1000","ARMA22_M2"
0.901218113871586,0.876778023065291,0.919477996847849,0.638363830963114,0.0999457940571525,0.0441363650776102,0.046285850559788,0.0321347688406097,0.0797511992568339,0.0157224215635779,0.0422597780868181,6.29005488690225,"1000","ARMA22_M2"
0.908905983181887,0.884959939911075,0.925104538981442,0.541981333479423,0.0921982102034438,0.0407473563100456,0.042595786062028,0.0249551482645631,0.0882285049786178,-0.00149316871578998,0.0595629456315033,4.21702598723728,"1000","ARMA22_M2"
0.902154422893126,0.877526909013104,0.91999470728847,0.58106095302743,0.0988055191684684,0.0436247611226435,0.045735975646254,0.0288864592221168,0.0484523714034099,0.0306536617324016,0.0137907388246437,4.28110933356085,"1000","ARMA22_M2"
0.887404507957439,0.861917283796064,0.90915247923984,0.661114382154921,0.113279338903179,0.0499421186469107,0.0526790700684826,0.0383069855234186,0.105914457101489,0.0119042740813335,0.0571392578897115,6.40076601654869,"1000","ARMA22_M2"
0.890040679266844,0.864991410575507,0.911299731472102,0.66259595708643,0.110943052354757,0.0489411698325465,0.0515612922637651,0.0374896454111031,0.0841641562387098,0.00256700823736719,0.0498875939451785,5.45788501761484,"1000","ARMA22_M2"
0.902629753757139,0.878103600581636,0.920392372206348,0.600828688808322,0.0983949429749488,0.0434491403527555,0.0455416164255682,0.029729396406874,0.0858752009948065,0.0170767088211106,0.0463498346884132,6.00505789729348,"1000","ARMA22_M2"
0.90867336524054,0.884515520776604,0.924799978845292,0.542587413225922,0.0922729865589759,0.0407703588794846,0.0426272079388249,0.0250097177958951,0.0744623361761168,0.000478813876369142,0.0492281082611082,4.33028461220478,"1000","ARMA22_M2"
0.888245887981455,0.863096321824698,0.909976726763637,0.681432685731791,0.112667099814325,0.0496930293397117,0.0523921827009067,0.039233691059555,0.0652658729148281,0.0252589353224079,0.0249256278640118,6.04404341351333,"1000","ARMA22_M2"
0.897350477695001,0.872456659246979,0.916489594938635,0.631046456089122,0.103595292857635,0.0457187221471723,0.0480261485744617,0.0330682759792302,0.0748140064547674,0.00884465430736382,0.0422569192860588,5.20035962375399,"1000","ARMA22_M2"
0.904965934756044,0.88093748918973,0.922343533075673,0.566890630109745,0.0963219116414205,0.0425608459069409,0.0445613014160674,0.0273882597236058,0.084560824113993,0.00234748403482012,0.0538217453454731,4.74803980258059,"1000","ARMA22_M2"
0.892238765349563,0.867206989136111,0.91284363204737,0.668524421606031,0.108726982761915,0.0479679672462282,0.050492274614387,0.0369782046969511,0.0678781922281835,0.017022109462173,0.0321708930358884,5.28700453465231,"1000","ARMA22_M2"
0.900069615272146,0.875229522371025,0.918408474373281,0.613354120959289,0.100824849242718,0.0445026359948736,0.0466981482970534,0.0311871051916319,0.0919448456018018,-0.00166810805169562,0.059632167933069,4.70396166168275,"1000","ARMA22_M2"
0.90218870278885,0.877580899031163,0.920031945501351,0.59447056808237,0.0987835477154855,0.0436160863630986,0.0457259186430533,0.0295454010751893,0.0641316474013552,0.0172779363562246,0.0311747689237054,5.05534045759667,"1000","ARMA22_M2"
0.887197127707195,0.862077858790564,0.909264785990898,0.702645550204617,0.11374057147171,0.050166530579837,0.0529124593868767,0.0408887539816631,0.0671296501413207,0.0216157320753805,0.0277447678470846,5.97954266569485,"1000","ARMA22_M2"
0.901288203193593,0.876606292978797,0.919359459001905,0.596711493037833,0.0996676398688145,0.0440014885647632,0.0461474952281202,0.0299520938278298,0.0855182727501972,-0.000139774506496987,0.0551871148775749,4.28289444894289,"1000","ARMA22_M2"
0.894103255047896,0.869035523411336,0.914115519037105,0.619815946993911,0.106804842887672,0.0471208478509263,0.0495651755657058,0.0336076629171968,0.0802346348568957,0.0118241242706887,0.043007882055164,5.46904429862876,"1000","ARMA22_M2"
0.888204901617034,0.863032104652095,0.909931855931529,0.674449120360437,0.112691909518038,0.0497025672152383,0.0524035536881387,0.0388419533378614,0.0958470323397867,0.0133429925137415,0.0502495047708743,6.53754188752694,"1000","ARMA22_M2"
0.903721134988898,0.879280253434641,0.921203110997107,0.614410089276485,0.097310097460808,0.0429757125067831,0.045024734609838,0.0300299150980261,0.0649304276887627,0.0173967275768807,0.0329106579964874,6.1008935438258,"1000","ARMA22_M2"
0.893472787556296,0.868468559647308,0.913721374732474,0.650907417372927,0.107486280735263,0.0474239914618039,0.0498950873839097,0.0355437482002279,0.0873254013263616,0.010501518414334,0.0481727572491701,5.79779878499414,"1000","ARMA22_M2"
0.881282152202557,0.856293583686282,0.905209033945899,0.727777151031283,0.119716452951334,0.0527999915414491,0.0558161712830227,0.0448755288496824,0.0664511488480842,0.0200475393614892,0.027219346847719,6.3917468671243,"1000","ARMA22_M2"
0.917620332444836,0.894265432728257,0.931453815114642,0.527792627221152,0.0832305337124889,0.0368178473238547,0.0383489320944534,0.0217297769280874,0.061157120817579,0.0202906422469869,0.0308263512992401,4.95175623391783,"1000","ARMA22_M2"
0.898014061032313,0.872955957711423,0.916835471930238,0.583567472112189,0.102795336341133,0.0453581053631204,0.0476380504298079,0.0303217071293586,0.0783303407937411,0.00163420949640327,0.0501173322073656,3.72439346524736,"1000","ARMA22_M2"
0.893385632272761,0.868415680450848,0.913684603737814,0.660810857706551,0.107602910125143,0.0474771900442712,0.0499520892456295,0.0361272180833537,0.0764882511962615,0.0201336076572784,0.0357224604978968,5.78838232340157,"1000","ARMA22_M2"
0.887265684986005,0.86215402060325,0.909318048198764,0.704479977765557,0.11367591667545,0.0501385689949422,0.0528813931251625,0.0409690346813429,0.0708993788741807,0.0196421763102461,0.0310553257961817,6.03018652239645,"1000","ARMA22_M2"
0.905143914500041,0.880765533191122,0.922225280755651,0.573064191975075,0.0958472366342628,0.0423345130567268,0.0443273001929808,0.0275446672278523,0.079784534232183,0.00825305585957317,0.0474433687577312,4.95215418762435,"1000","ARMA22_M2"
0.891295976240372,0.866161351377848,0.91211537318351,0.70247925607626,0.1096044416906,0.0483478656775228,0.0509129522749192,0.0392113694059356,0.0610541807991769,0.0245503715151692,0.0233098642668374,7.10019985723411,"1000","ARMA22_M2"
0.890745868003961,0.865911346939576,0.9119411506692,0.684339599941086,0.110399279645156,0.0487144889829288,0.0513040362554045,0.0384996154857389,0.113466719680772,-0.00767080707480864,0.0735270833325039,5.83367614353045,"1000","ARMA22_M2"
0.891417767950119,0.866381350974423,0.91226865371902,0.672672181690801,0.10955139427515,0.0483301358223104,0.0508899088041175,0.0375242817362605,0.0801824386844002,0.0185700944010101,0.0383657293118093,6.575430063418,"1000","ARMA22_M2"
0.900242465510596,0.875464376144369,0.91857077925144,0.584699196257767,0.100687208177551,0.0444452731633142,0.0466336841522563,0.0296838069077082,0.0831517897637609,-0.006039913583611,0.056740916644628,3.8094689235528,"1000","ARMA22_M2"
0.893266854766487,0.868145177029461,0.913496474539696,0.628610258471905,0.107613573988259,0.0474734167382912,0.049953394860951,0.0343747538499416,0.0944080956212026,0.010129899313327,0.0527840952228506,6.13497279103299,"1000","ARMA22_M2"
0.873437656875124,0.84854849119927,0.899745402162559,0.829447730917115,0.127403180949886,0.0561820164185796,0.0595717410155262,0.0549173636156941,0.0833405796744149,0.0115331502539946,0.0400626651975761,7.65012435953059,"1000","ARMA22_M2"
0.91377406158049,0.890077482872439,0.928602864125029,0.543715339453895,0.0871471205331974,0.0385313590696538,0.0401991187050827,0.0235373789128639,0.0767186733236793,0.0139714576151416,0.0440803494348627,5.54267140344479,"1000","ARMA22_M2"
0.883575318835744,0.858607117745704,0.906833733777175,0.733738895232983,0.117467677921628,0.0518133400693798,0.0547236141693601,0.0442780663182172,0.0731168862338317,0.0183022665730509,0.0322911337313209,6.21412800906482,"1000","ARMA22_M2"
0.91280574304297,0.888937493917257,0.927824961616782,0.494673018582832,0.0880668376590217,0.0389293865004599,0.0406323917966229,0.0216632972099079,0.0733199139359858,0.0209752875203574,0.0382426394286298,5.00370774204206,"1000","ARMA22_M2"
0.90365214403906,0.879066654040648,0.921055999963408,0.55069213431658,0.0972763529566156,0.0429536525517909,0.0450053692985846,0.026908356143088,0.080275336851071,0.00668591382338688,0.0490366127910317,4.40371648495223,"1000","ARMA22_M2"
0.965961034979403,0.948632785020077,0.967509845785869,0.173027834710223,0.0315980922659946,0.0140854809916816,0.0143657711996462,0.0025691503765507,0.0631562781970303,-0.0287408288790524,0.0787952425800593,1.22065745267591,"1000","ARMA22_M3"
0.966523345872583,0.94957715380844,0.968120757172789,0.188792878331891,0.0311640528985845,0.0138977385944346,0.014169137449307,0.00276311836381525,0.0163140185685092,0.0135218777488935,0.0114843840643228,1.60087899088706,"1000","ARMA22_M3"
0.967878141676307,0.951563453831085,0.969404007433092,0.165193470486033,0.0299329186035319,0.0133579075672756,0.0136083506302213,0.00231896160007592,0.0415339342604164,-0.0135792536434424,0.0494618986593491,0.997453387048675,"1000","ARMA22_M3"
0.971907303701144,0.957642852387098,0.973317446044392,0.167333614759286,0.0263574902513013,0.0117884058033418,0.0119813571425327,0.00205984574562998,0.0140774439656529,0.0087688114241362,0.0106811029809382,1.39595141244367,"1000","ARMA22_M3"
0.968932983976056,0.953149278658886,0.970426892391351,0.158908723896366,0.0289978351050659,0.0129480705326616,0.0131827785330273,0.00215869791997373,0.0219272698314768,0.00446248420528755,0.0212281905361326,0.982079309620663,"1000","ARMA22_M3"
0.961336714395341,0.942132005198941,0.963290442704782,0.24293091201379,0.035928629885198,0.0159826644585228,0.0163416037634783,0.00412116691917229,0.034342925842168,-0.0014349666622428,0.0359851550999434,1.99488156162547,"1000","ARMA22_M3"
0.964909757324929,0.947467729716229,0.966755459984333,0.226980761550511,0.0327967669250003,0.0146177678246383,0.0149153437251999,0.0035019156525771,0.0356296196736655,-0.000234821198424695,0.037199709664043,2.22819753802019,"1000","ARMA22_M3"
0.968535954091453,0.952607190251148,0.970077399279137,0.145100493437902,0.0293890969365873,0.0131206891514296,0.0133613142321686,0.00199853464219164,0.0333999512008627,-0.00228399917066841,0.0357558674511225,0.682255336276425,"1000","ARMA22_M3"
0.966676112938176,0.949766629310624,0.96824326647714,0.17558591195224,0.0310022527747687,0.0138261565305912,0.0140951287915019,0.00255607875482041,0.00265719124147747,0.0268386524623302,-0.00843677320596456,1.32528695998424,"1000","ARMA22_M3"
0.966089574713051,0.948924251541729,0.967698450383616,0.191916220405106,0.0315461199201447,0.0140647623247344,0.0143430296828712,0.00284454319917913,0.012531660990407,0.0158135477453996,0.00668292472010285,1.38512555248878,"1000","ARMA22_M3"
0.962417690203383,0.943535719258921,0.96420362019074,0.177402288581895,0.0348423930776595,0.0155051160764523,0.0158447515523155,0.00291525060529876,0.00448838201517181,0.0241872948068671,-0.00556522930176894,0.937266580759129,"1000","ARMA22_M3"
0.967912435713064,0.951828963300254,0.969575367021182,0.144193770441201,0.0300493627836429,0.0134131385409718,0.0136632202057359,0.00203197327907198,0.0149757461066939,0.0167114727439034,0.00773509120555101,0.6874739824815,"1000","ARMA22_M3"
0.962970833323415,0.944525218990892,0.964846643389566,0.168040698549483,0.0344734360947163,0.0153481945429529,0.0156784103686288,0.00273060081468936,0.0228547477898778,0.00932550515913235,0.0193682376080729,0.757250390560605,"1000","ARMA22_M3"
0.968981814466237,0.953210402676103,0.970466289381006,0.166770118953054,0.0289461549705829,0.0129251718766936,0.0131591551619362,0.00226133962167563,-0.00717835634212325,0.0305957279776168,-0.0205998436567195,1.33436747646358,"1000","ARMA22_M3"
0.966587451571247,0.949756260834923,0.968236563062591,0.152520100697349,0.0311633554943266,0.013899127009947,0.0141695754170139,0.00223204240770024,0.0135220789500232,0.0134704614413711,0.00905896025507758,0.888075379213546,"1000","ARMA22_M3"
0.968188735277453,0.952075719134543,0.969734586489706,0.166350021826705,0.0296908434855977,0.0132527588924984,0.0134985678199494,0.00231556869556047,0.0508340813764446,-0.0164382720680954,0.0603004846419775,1.12928517281955,"1000","ARMA22_M3"
0.962230674220196,0.943416740987944,0.964126264148675,0.166231515895184,0.0351146973180431,0.0156273596688422,0.0159704054861807,0.00275356539091148,-0.0149631398709674,0.0445728627965546,-0.0340619192134021,0.874045288845193,"1000","ARMA22_M3"
0.96760843673406,0.951413263489705,0.969307056661863,0.1906164536417,0.0303477105024035,0.0135446499305949,0.013799392190082,0.00271368209238364,0.00928124072933507,0.0168603793949222,0.00211396484848774,1.47398466833545,"1000","ARMA22_M3"
0.965532777574201,0.948177876965242,0.967215381638854,0.160792606408413,0.0320951598108198,0.0143065407481889,0.0145937873112796,0.00242611226382136,0.0585121962724309,-0.025600809811198,0.0720375902165191,0.754180364608904,"1000","ARMA22_M3"
0.967673809133567,0.951363359578708,0.969274839834329,0.165345720374834,0.0301946705293957,0.0134747286068131,0.0137284196208308,0.00234189038911013,-0.0214839343949955,0.0429961439596466,-0.0409149237495595,1.01215915290017,"1000","ARMA22_M3"
0.96528090350239,0.947765940042296,0.966948629351856,0.169274598222745,0.0322937575938879,0.0143925670426538,0.0146838711825071,0.00257056716284869,0.0520002510923592,-0.019691708413581,0.0621692008541744,0.760426850819766,"1000","ARMA22_M3"
0.965828228737061,0.948553481152538,0.967458520651742,0.166969937546939,0.0317887887445258,0.0141712514824111,0.0144536900315824,0.00249450665881814,-0.013734416189554,0.0354658760736006,-0.0290841406957621,0.996723051033009,"1000","ARMA22_M3"
0.965927585036806,0.948671687138578,0.967535021742515,0.172808826175202,0.0316805590135001,0.0141233103971842,0.0144041375087648,0.00257268423263159,0.0179917766219672,0.0135998621942956,0.0134007752451802,1.21637805364129,"1000","ARMA22_M3"
0.967466041960729,0.95099296500213,0.969035676513943,0.151867360355914,0.0303328684890182,0.0135340368127816,0.0137908112903959,0.0021612972139203,0.012110811385085,0.0168587975613351,0.00483040320118692,0.724732339806334,"1000","ARMA22_M3"
0.964773987438573,0.946998972568393,0.966451712500222,0.203791833355934,0.0327363565555267,0.0145856759957265,0.0148852870513808,0.00313880134826658,0.0103359288532104,0.0189624390003523,0.00262416172979982,1.74271856484355,"1000","ARMA22_M3"
0.965288334284083,0.947885543590247,0.96702608950681,0.159689071593873,0.0323602213809094,0.0144238973624887,0.014715157495771,0.00242997563804689,0.0204769799150532,0.00891171396140124,0.0173141387583636,0.75039133582014,"1000","ARMA22_M3"
0.965125149007772,0.947488076489804,0.966768641495019,0.180313105981707,0.0324000813247383,0.0144380492323381,0.0147318510792214,0.00274765410351599,0.0219452887858594,0.00619839881531568,0.0205473907030521,1.1155337100496,"1000","ARMA22_M3"
0.968810730039915,0.95299148787954,0.970325179650412,0.185851389578051,0.0291310906065461,0.0130070593709501,0.0132436410832203,0.00253662292807472,-0.00381625786552081,0.0269419152123787,-0.0160081026790599,1.45284899671484,"1000","ARMA22_M3"
0.964141883975495,0.946059979641774,0.965842875584369,0.203490820206608,0.0332950666129827,0.0148296160469715,0.0151397155728356,0.00318974567964493,0.0194022931472542,0.0125464223977938,0.0152620119386028,1.71848864351465,"1000","ARMA22_M3"
0.968166609629948,0.952017260252005,0.969696869014138,0.166460346588092,0.0296910221118324,0.0132523277299693,0.0134984324795737,0.00231717129419032,0.0180040663082131,0.0099345443391324,0.0148443953247516,1.01189076440754,"1000","ARMA22_M3"
0.965837371148157,0.948560117386264,0.967462815734488,0.166904366894624,0.0317761334961294,0.0141655748638428,0.0144478633384186,0.00249251076554098,0.021281926609804,0.0106410226968877,0.0177497223764764,0.975959949425221,"1000","ARMA22_M3"
0.964691469702374,0.946847930332144,0.966353812258343,0.188480842467875,0.0327881483983522,0.014607671209956,0.0149086018036768,0.00290782298608438,0.048094746004336,-0.0151635797428364,0.0569335076619144,1.36713481404124,"1000","ARMA22_M3"
0.965963520317508,0.94917582860514,0.967861203381924,0.2330672089979,0.0319543068718399,0.0142523882135627,0.0145329592175947,0.00349963014478689,-0.0118435066062194,0.0398388398744322,-0.0311633267801024,2.34340767323835,"1000","ARMA22_M3"
0.963582713180689,0.945288758851909,0.965342437812273,0.181100433630465,0.0338294064009964,0.0150640645475375,0.0153836387638239,0.00288600556840404,0.0156608738769248,0.00994485767471427,0.0126395957535876,1.01715936092311,"1000","ARMA22_M3"
0.963992937512463,0.945853473187515,0.965708909421833,0.202873628853756,0.0334379572727945,0.0148923092640623,0.0152049298816912,0.00319421232575394,0.00157151247156036,0.0276333514321366,-0.00963861154256794,1.5964689742446,"1000","ARMA22_M3"
0.965831475560714,0.948655010207406,0.967524229180762,0.178690959218132,0.0318552824020782,0.0142023662144724,0.0144848583271552,0.00267519215597291,0.0670010436792275,-0.0310317945220229,0.083284881160065,1.15773561550371,"1000","ARMA22_M3"
0.963136666688842,0.944817108370255,0.965036217908312,0.226142753444416,0.0343542910218063,0.0152972413749383,0.0156246027195307,0.00366140732845063,0.0464611564364617,-0.0136496164323092,0.0544143814040945,1.76880737972218,"1000","ARMA22_M3"
0.967514051568997,0.951024696359578,0.96905616852056,0.167961069233141,0.0302604423918231,0.0135015019624098,0.013757491063112,0.00238450874571431,0.0191449104295773,0.010045137061799,0.016024364384274,1.20034354414007,"1000","ARMA22_M3"
0.965353198399015,0.94786207726362,0.967010892407296,0.19399670819865,0.0322215409503291,0.0143607628878649,0.0146508806174989,0.00293918365793244,0.0554331447321599,-0.0211031676506863,0.0670071197212004,1.55825574447745,"1000","ARMA22_M3"
0.963574263025563,0.945273417648694,0.965332479544872,0.186334902211434,0.0338351600965636,0.0150665142472262,0.015386231417097,0.00296995282688404,0.0310302005363521,0.00663959107247615,0.0300073949928625,1.20309403835032,"1000","ARMA22_M3"
0.965616253846725,0.948286775382678,0.96728588302809,0.160563578238067,0.0320103740270634,0.0142691522715497,0.0145550374774322,0.00241604776805971,0.0694443019111543,-0.0339670622558559,0.0873596918632373,0.792540542358592,"1000","ARMA22_M3"
0.968685750892816,0.952935191322088,0.970288887122227,0.166031419449276,0.0293302748203543,0.0130969112195789,0.0133354162252663,0.00228189574694054,-0.00618774069998587,0.035484303183703,-0.021729566978138,1.28291865313747,"1000","ARMA22_M3"
0.967816638735449,0.951675038440967,0.969476029011971,0.203431791951807,0.0301250885651806,0.0134460964971445,0.0136976044460707,0.00287426211120563,0.0462834383470543,-0.0136164645001181,0.0541519839655085,2.02011430419865,"1000","ARMA22_M3"
0.9674217170319,0.950988466112548,0.969032771098649,0.149930034650671,0.030412060761093,0.0135699286475249,0.0138274080385805,0.00213939489786593,0.0270788822394261,0.00244229810273351,0.0272500545181833,0.722025115932541,"1000","ARMA22_M3"
0.96520577408857,0.947651514193384,0.966874514717698,0.196294926576543,0.0323594634704763,0.0144212318509906,0.0147137648584103,0.00298718949417076,0.0407407649872668,-0.0046161126105719,0.045084559166151,1.61281425980813,"1000","ARMA22_M3"
0.96712156283564,0.950806254671214,0.96891508779531,0.138252769985375,0.0308587924936727,0.0137708956982444,0.01403317295078,0.00200236848054846,0.0562560619120447,-0.0213121081202912,0.0673707474362472,0.485740319794583,"1000","ARMA22_M3"
0.965308535707296,0.947790556690483,0.966964572779524,0.189375079388864,0.0322584327034927,0.0143767854343096,0.0146676310365159,0.00287258072340992,0.0162264059261948,0.0153474663539261,0.0106378499482932,1.5788002715018,"1000","ARMA22_M3"
0.966705231228051,0.949813170309202,0.96827335534102,0.17536625307757,0.0309780337216739,0.0138156163283292,0.0140841310654606,0.00255080993314471,0.0334991823413844,-0.00124313006694911,0.0359197853260531,1.19046117617279,"1000","ARMA22_M3"
0.963566444145616,0.945553152373958,0.965514039183267,0.153770293195113,0.0340404128979716,0.0151625203214824,0.0154826052909218,0.00246580024566308,-0.0127997216592626,0.0453425586284544,-0.0334802567546145,0.665574827320693,"1000","ARMA22_M3"
0.967220658471596,0.950717324270413,0.968857644122014,0.146699446243048,0.0306115220592586,0.0136578728485277,0.0139184741604423,0.00210746384081573,-0.00997276548676023,0.0364157603514421,-0.0266158746009162,0.710017568313944,"1000","ARMA22_M3"
0.960666489703269,0.940984212760436,0.962542899565539,0.224764566949813,0.0364126015018788,0.0161895098706003,0.0165604242473724,0.00386704487264507,0.0125983554827717,0.0195358097085753,0.00501429082512745,1.70700919868515,"1000","ARMA22_M3"
0.964488158042974,0.946581129908651,0.966180849278268,0.202677406769785,0.032993040852249,0.0146979100369032,0.0150022420195944,0.00314704592886044,0.0458728964321034,-0.0141737205710674,0.053728209493193,1.56467364879799,"1000","ARMA22_M3"
0.964453153003258,0.94688043311222,0.966374880530857,0.239435299482949,0.0332685121083407,0.0148258526738484,0.0151310884726671,0.00374897648205203,0.00815913328861631,0.0228635875023614,-0.00240254524658602,2.37600594478708,"1000","ARMA22_M3"
0.96790173940549,0.951935004445188,0.969643794497307,0.209487369186121,0.0301401107913143,0.0134552932765365,0.0137056012940074,0.00296103618100707,0.0310983674694247,-0.000586034922767644,0.0322001537563671,2.12560608882041,"1000","ARMA22_M3"
0.968341685501557,0.952316784430979,0.969890100146813,0.166797248650873,0.0295608154778006,0.0131959760490346,0.0134394843616879,0.00231126084746783,-0.0109645668780235,0.0401740630906025,-0.0284567652220501,1.2731726493484,"1000","ARMA22_M3"
0.961977074310639,0.943219887758183,0.963998258075881,0.159312558946656,0.0354594765798723,0.0157816658988247,0.0161293232187476,0.00266556887891609,0.0534111177891192,-0.0186481573854311,0.0632770426004196,0.549168207879177,"1000","ARMA22_M3"
0.963320689310407,0.945349380273645,0.965381786993588,0.152124300359263,0.0343715596521914,0.0153106275738391,0.0156350671144965,0.00246376477980799,-0.0237720881493034,0.0501931699446718,-0.0460289823838439,0.610997368522747,"1000","ARMA22_M3"
0.968175796997402,0.952101098774337,0.969750960733508,0.188282482404849,0.0297310351362887,0.0132712298832059,0.013517249319344,0.00262444829671146,0.0147458658898286,0.0135143427791108,0.00961377796576465,1.6717029655121,"1000","ARMA22_M3"
0.966800101318598,0.950101927580117,0.968460009552755,0.193511822766708,0.0309977155506442,0.0138272399002652,0.0140944129226281,0.0028162603603467,0.0152564521264601,0.0125627296608073,0.0109317039973105,1.41754506607432,"1000","ARMA22_M3"
0.967909856751603,0.951621186633302,0.969441271603071,0.193718956880111,0.0299250368141202,0.0133547628557354,0.0136048445186734,0.00271859303484719,0.00235569283635631,0.0214467733266317,-0.00641352991083961,1.43859363745819,"1000","ARMA22_M3"
0.967468974270804,0.951218556575713,0.969181350162343,0.202328015602622,0.0304783386643723,0.0136021279311779,0.0138589902628446,0.00289322735901564,0.0164046191026303,0.0107925234862536,0.0123426731484185,1.72105417782618,"1000","ARMA22_M3"
0.962794911819864,0.944550682407892,0.964863183186758,0.152109824069332,0.0348214460977129,0.0155063856145996,0.0158398494252138,0.00249713819672983,0.0320705596014394,0.0100468578787979,0.0268148347009236,0.588294682429321,"1000","ARMA22_M3"
0.962939407015363,0.944490328343732,0.964823979509472,0.158557088354066,0.034513191688797,0.0153658282949675,0.0156966346389249,0.0025795510250179,-0.00916981729302873,0.036768427091692,-0.0250417608275302,0.712707534714489,"1000","ARMA22_M3"
0.966631034876305,0.949729236359984,0.968219090938619,0.181184797571391,0.0310617763537974,0.013852803012311,0.014122497050778,0.00264277144842002,-0.00948652601558403,0.0355140009447769,-0.0248580714167029,1.43527434347089,"1000","ARMA22_M3"
0.970429282963645,0.955653014879821,0.972038890885654,0.124337503762499,0.0278422565686252,0.0124455206483062,0.0126589147934571,0.00161925400364025,0.0526050039899787,-0.0221329496487039,0.0639787189613994,0.431046845082965,"1000","ARMA22_M3"
0.967181595376308,0.950954589781529,0.96901089314401,0.224611537020286,0.03084571719885,0.0137663537403231,0.0140277431505026,0.00325155575881841,0.0615696173250743,-0.0287730627869908,0.0772196416128832,1.85950971076815,"1000","ARMA22_M3"
0.969954105812266,0.954668510462606,0.971405461650766,0.153529323817026,0.0280794065175072,0.0125447391019471,0.0127646695633758,0.00201743881847498,0.0330363081979995,-0.00154586864593966,0.0356073842257417,1.03644591400531,"1000","ARMA22_M3"
0.967771148803533,0.951436952663684,0.969322349348525,0.170845137018701,0.0300505382163282,0.0134100962854429,0.0136621832902366,0.00240798902219043,0.0662684329235424,-0.0341452160399585,0.0841853095160914,1.15209902528259,"1000","ARMA22_M3"
0.970190818012228,0.955057757451322,0.971655969584209,0.169299542230731,0.0278906299499316,0.0124624404802507,0.0126790286699919,0.00220917054693598,0.0210585418487681,0.00728989243459446,0.0194898549215981,1.32990000259922,"1000","ARMA22_M3"
0.968650644321347,0.952788096499022,0.97019405131611,0.158206006433336,0.0292915933300974,0.013078093689312,0.0133170100954743,0.00217155627987968,0.062242274196757,-0.0283936443103016,0.0777622960591605,1.01642493459316,"1000","ARMA22_M3"
0.971890868030968,0.957644938676725,0.973318785378389,0.131147443451721,0.0263895610354909,0.0118029747939295,0.0119961549696628,0.00161639236718349,0.0431960632396999,-0.0152694995959817,0.0519099479789412,0.659650671737268,"1000","ARMA22_M3"
0.973529950516956,0.960264102354625,0.974998235463998,0.110581432286239,0.0250187712309834,0.011201589418386,0.0113734647484356,0.00128994492112135,0.0245166717832102,0.00134657596173085,0.0242701467674485,0.357892236599036,"1000","ARMA22_M3"
0.966770060969487,0.949984614269014,0.96838418343784,0.170170792280002,0.0309749088907337,0.0138157896967046,0.0140833777968993,0.00247482311118393,0.0288002517733829,0.00142103791711223,0.0294490095757375,0.881343911196412,"1000","ARMA22_M3"
0.971119004221684,0.956492698103034,0.972578701019633,0.174972169554358,0.0270873109289618,0.0121100907051115,0.012313754522712,0.00221531105085883,-0.0072685703632741,0.0322944381053088,-0.0210285793244067,1.58456464387185,"1000","ARMA22_M3"
0.96682811724709,0.950056881987283,0.968430895024339,0.161661552313332,0.0309135875753411,0.0137886593367059,0.0140553307447232,0.00234627643350035,0.00936756896997617,0.0187738654651175,0.00187418907729044,0.954774765636078,"1000","ARMA22_M3"
0.967667688040912,0.951285372566327,0.96922449031229,0.175140367653623,0.0301456747484321,0.0134518459667375,0.01370551774143,0.00247660829880998,0.0553881504816592,-0.0240870077641528,0.0682389977070852,1.36332656314503,"1000","ARMA22_M3"
0.963475696457749,0.945046510420874,0.965185173754646,0.197551796597091,0.0338677422938647,0.0150789451836207,0.015400273072918,0.00315209111823151,0.00491257817544947,0.0227656440196892,-0.00412687527527776,1.28955832503183,"1000","ARMA22_M3"
0.966795041920802,0.950070476645326,0.968439681846958,0.183241231375722,0.0309870127214654,0.0138220804305246,0.0140893244276629,0.00266588121673537,0.00119762213334372,0.0254073490389219,-0.00974200920686229,1.33295985701286,"1000","ARMA22_M3"
0.967461315131414,0.951743131580548,0.969519975759927,0.245103052750886,0.0308470569484518,0.0137743836653207,0.0140316642948943,0.003547326346895,0.0204782440052377,0.0099093249863974,0.015779311427516,2.95777731350932,"1000","ARMA22_M3"
0.967062608382792,0.950355681731946,0.968623997708932,0.167635869535932,0.0306662400625767,0.0136793169505781,0.0139422691159685,0.00241293258487043,0.0569981323436063,-0.0245357649165241,0.0704913180517673,1.08039486819594,"1000","ARMA22_M3"
0.968844112962081,0.953110752799865,0.970402059752885,0.166421857956473,0.0291450334249814,0.0130144649906525,0.0132505730277527,0.00227244466363569,0.0788278421296702,-0.0445680440806525,0.101431669144263,1.15705593033031,"1000","ARMA22_M3"
0.962514463756071,0.944363597117949,0.964741652883632,0.270052904021422,0.0352218264208457,0.0156861420319359,0.0160246272065559,0.0044856538536054,0.0417056099516427,-0.00154124637653305,0.0419159966738482,3.29657848407534,"1000","ARMA22_M3"
0.966561647044533,0.949611916788326,0.968143235454052,0.164463585965891,0.0311153912667038,0.0138759958496235,0.014146780679034,0.00240318807707802,0.0288035535149511,0.0026135726488053,0.0293046169507017,0.914468008945942,"1000","ARMA22_M3"
0.967466981597815,0.951044450119451,0.969068925139728,0.169887906895235,0.0303638638003013,0.013548586720122,0.0138053635330945,0.0024202244584688,0.022251906094896,0.00945614695651805,0.0194833163244273,1.31610295606977,"1000","ARMA22_M3"
0.972270639710464,0.958195853071286,0.973672367940866,0.12731103854012,0.0260353079538715,0.0116466797002438,0.011834793655219,0.00154744031027637,0.024719196907539,0.00267683697498861,0.024463567980361,0.623001669383525,"1000","ARMA22_M3"
0.960282489656371,0.94035170185153,0.962130624334412,0.214272369669953,0.0367086118135442,0.0163166712619961,0.016694571911183,0.00371798318602451,0.0341637763141005,0.00537088424640972,0.033417991159282,1.73811238148795,"1000","ARMA22_M3"
0.967358994175869,0.950820251588202,0.968924128542341,0.18228374122704,0.0304210261651052,0.0135724079894699,0.0138308303398587,0.00260199475310696,0.0395165673631058,-0.00895823787971802,0.0454033564018409,1.34800078186201,"1000","ARMA22_M3"
0.965656861107638,0.94833697320252,0.967318379035992,0.184866028933025,0.0319673691047046,0.0142501371807134,0.0145353603077801,0.0027778799591174,-0.000247916195808055,0.0236716269244113,-0.0102827277786313,1.1989088077629,"1000","ARMA22_M3"
0.972284518939285,0.958298883569811,0.973738474613597,0.122059362117212,0.0260779265323356,0.011666832589207,0.0118548022582132,0.00148601461212406,0.0295080325045064,-0.0010236929336883,0.0309431633120236,0.516799652638338,"1000","ARMA22_M3"
0.961130668524675,0.942182408798515,0.963323252335313,0.270378191061887,0.0363521530775266,0.016175398612236,0.0165383448612991,0.00464185594598231,0.050226540996289,-0.00763094418505747,0.0533006372656728,3.09634455711347,"1000","ARMA22_M3"
0.96379914085474,0.945756521896046,0.965646006021942,0.15896330548558,0.0337373851425527,0.0150271467045549,0.0153431711663673,0.00252577154570798,0.0148359770776561,0.0191111315978026,0.00672238961665606,0.738227094245348,"1000","ARMA22_M3"
0.963761456796706,0.945507403808489,0.965484349546257,0.174787961615037,0.0336395168311091,0.0149801936211117,0.0152966993553924,0.00276926177107233,0.0624184624399702,-0.0253684027814449,0.0758448945237636,0.876550405235339,"1000","ARMA22_M3"
0.964547867658696,0.946629032077772,0.966211906629064,0.196678918805487,0.0329135533234337,0.0146623338079663,0.0149656528842473,0.0030463590940015,0.00539468277383751,0.0221978890087131,-0.003878150570371,1.41344791376021,"1000","ARMA22_M3"
0.968126263706472,0.951979252876748,0.969672345723039,0.162017777032423,0.0297451739351691,0.0132765211504788,0.0135232730840754,0.00225953710338162,0.0166572143706712,0.00888531042533806,0.0137081534900081,1.04240317283798,"1000","ARMA22_M3"
0.966179304061104,0.949060855659139,0.967786828371624,0.189530845882402,0.0314672897646472,0.0140303326248188,0.0143071659009073,0.0028019075853113,0.0453361287673231,-0.011577803593031,0.0527049162050827,1.38031215863311,"1000","ARMA22_M3"
0.967845081328789,0.951602620159157,0.96942928791124,0.185659114131784,0.0300227639211785,0.0133990112075774,0.0136500190504982,0.00261416740385246,0.030407034864956,-0.00151025764710498,0.0328569146393754,1.39033699207484,"1000","ARMA22_M3"
0.963479541111831,0.945129327186252,0.965238940999472,0.175352116577585,0.0339178362406871,0.0151025116214947,0.0154238493131544,0.00280200529418636,0.072705888891161,-0.034634188547708,0.0909745921060797,0.964088433110103,"1000","ARMA22_M3"
0.962403803931192,0.943669499658723,0.964290590278033,0.237377177946613,0.0349619585650147,0.0155607540554947,0.0159007880606195,0.00391426011516795,0.0321940982977001,0.00248902163705267,0.0313733501944682,2.25497495326059,"1000","ARMA22_M3"
0.966890168028929,0.950369789205582,0.968633113544093,0.141116057816393,0.0310089051628227,0.0138348421463853,0.0141007072992568,0.00205427235417692,0.0335799440738431,-0.00165219170320788,0.0355515585822984,0.577177250378326,"1000","ARMA22_M3"
0.967093865041172,0.950406132135298,0.968656596747271,0.166100450642144,0.0306405306377297,0.0136681325225158,0.0139305990202366,0.00238875034015797,0.0372744441817628,-0.00547594758668738,0.04163821405249,0.956754905134463,"1000","ARMA22_M3"
0.951000752430879,0.933638613626277,0.957740556570227,0.314761615850666,0.0495248926425281,0.0220695655783704,0.0226392928824947,0.00744040790642658,0.0552368597569325,-6.38035341445247e-05,0.0445046163977892,2.57195502196067,"1000","ARMA22_M4"
0.943118433875655,0.924137782769717,0.951482127531218,0.33233238836398,0.0576285882941597,0.0256318982934981,0.026390321417081,0.0092175757089498,0.0350796869051507,0.0136762815553577,0.019356672283017,2.1862011442313,"1000","ARMA22_M4"
0.964769917041516,0.95129058983944,0.969227858767656,0.211634917584981,0.0356510949987639,0.0159563891081149,0.0162572583121336,0.00354983969138151,0.0362528510807302,-0.00219494215203992,0.0315423397341946,1.27916114710531,"1000","ARMA22_M4"
0.961912396126592,0.947593945237904,0.966837223923292,0.23816086505736,0.0385939993136768,0.0172575379702148,0.0176079956892129,0.0043373748770785,0.0249993662963685,0.00826978166733948,0.0164330216738815,1.67184816424639,"1000","ARMA22_M4"
0.958451743911647,0.943225759216008,0.964002076385375,0.237202616444531,0.0421149939052349,0.018812843391017,0.0192272315662025,0.00473105789521647,0.0405515769550262,-0.00111880373826831,0.0336081506616246,1.32170270797702,"1000","ARMA22_M4"
0.954039665672226,0.937581073552055,0.960321953087878,0.270034546591629,0.0465377514422591,0.0207596531598609,0.0212631752392106,0.00597902803987358,0.0434658085625861,0.00271896307022681,0.0332710082262878,1.76195363995904,"1000","ARMA22_M4"
0.965900603067503,0.952745331823849,0.970166477487991,0.196188077074996,0.0344883944192185,0.0154415064129273,0.0157238575549459,0.003179694876588,0.0289184522925041,0.00286082151273851,0.0227972668265168,1.12364047223441,"1000","ARMA22_M4"
0.957549874558465,0.941791953395108,0.963069051262248,0.217536554298641,0.0428286066040786,0.0191205250679377,0.019552498691916,0.00441648829623731,0.0289544123106381,0.0130408808345893,0.0170598260748539,1.39623811085806,"1000","ARMA22_M4"
0.948141276576751,0.93022605055759,0.955498746104668,0.294931788132165,0.0525137485330205,0.0233862593333891,0.0240216251262128,0.00741470449981984,0.0327670986138839,0.0138343031315066,0.018322013680062,1.88316787070827,"1000","ARMA22_M4"
0.954454731160292,0.937859572858108,0.96050396096696,0.300288310344904,0.045951045198446,0.0204951061552605,0.0209899554392503,0.00656221994828829,0.0322943687492472,0.00938338373539126,0.0211954868422024,2.38940330828219,"1000","ARMA22_M4"
0.962338001858664,0.947865291388566,0.967012973935459,0.244301233244483,0.0379335156573197,0.0169595520319246,0.0173021493623628,0.00437112690412322,0.0350824152154375,0.00462788830325172,0.026576579052862,1.62255727783966,"1000","ARMA22_M4"
0.951084126818169,0.933886303285462,0.957903004378241,0.272722682697996,0.0495349038042572,0.0220779473613097,0.0226457246813681,0.00644741978938845,0.0349120947283046,0.0146348708077866,0.0196456261880665,1.86239982210966,"1000","ARMA22_M4"
0.951657668587005,0.934570990729485,0.958351870643525,0.266815682115393,0.0489323424342352,0.0218122189420622,0.0223672476819496,0.00622728731493571,0.0427890721277695,0.00290099883311016,0.032490138293631,1.78972480032428,"1000","ARMA22_M4"
0.955686011556687,0.939736463847397,0.96172938351164,0.269964205740569,0.0449353284936629,0.0200563115686751,0.0205256951310464,0.0057617070647181,0.0441614165959455,0.00480615961192032,0.0328516159639198,1.93162188715734,"1000","ARMA22_M4"
0.970117717563654,0.958219059550226,0.973687258269312,0.178405192106594,0.0301621115280077,0.0135230423270818,0.0137413401201773,0.00251777601393262,0.0222892170245082,0.00714165308819128,0.0152986800045325,1.25298704636132,"1000","ARMA22_M4"
0.957869703901439,0.942417843768145,0.963476486339869,0.247454857452608,0.0426510365314962,0.0190475424654597,0.0194731661856622,0.00500139819802946,0.026820162912516,0.0114765355200075,0.0155765072843981,1.85046950435695,"1000","ARMA22_M4"
0.957933826049861,0.942291876634022,0.963394504033093,0.279969635986581,0.0424495061028589,0.018953738169069,0.0193782071518964,0.00563145168430674,0.0384080689714472,0.00590624099299701,0.0285721298733261,2.09199332318053,"1000","ARMA22_M4"
0.960562365159986,0.946202729669199,0.965935466790993,0.220238706042724,0.040184923401545,0.0179677655322266,0.0183424771905172,0.00418218771433908,0.0185304205870975,0.0174100599880991,0.00520228641079204,1.44396381751886,"1000","ARMA22_M4"
0.950496035008442,0.933130012387968,0.957406876304042,0.300166298821849,0.0501125507917122,0.0223311276991495,0.0229121075637424,0.00718340623598425,0.0308884730417494,0.015877020771295,0.0159375253548087,2.43311076330444,"1000","ARMA22_M4"
0.964289182071044,0.950626447843986,0.968798938705478,0.189771003245028,0.0361108289268032,0.0161589208340029,0.0164678201307282,0.00322576194359046,0.0307778297521291,0.00372052425804265,0.0238202414338142,1.18927148266527,"1000","ARMA22_M4"
0.953131681385354,0.936321644780241,0.959498310320345,0.249512302274998,0.0473759947370086,0.021125295698009,0.0216482077929692,0.00562949836227216,0.0354496024499777,0.00575170145365281,0.0255159223068091,1.24639175912112,"1000","ARMA22_M4"
0.94826415329623,0.930494028516877,0.955675036582118,0.290401392655875,0.0524720897372211,0.0233714100286204,0.0240038865909523,0.00729407154977753,0.0393142546659211,0.00215898645702247,0.0292946285421065,1.61172652822175,"1000","ARMA22_M4"
0.9531219821008,0.936236554067208,0.959442629070063,0.247069791547551,0.0473708094703517,0.0211212788782078,0.0216448025322188,0.00557383702546814,0.0266696743761282,0.0141328595831841,0.0130647904455363,1.3919694161379,"1000","ARMA22_M4"
0.963954675762175,0.950227946131769,0.968541453470893,0.210743651086272,0.0364740498954759,0.0163202748965669,0.0166348115036111,0.00361954658609588,0.033882927284696,0.00399620909097906,0.0261252363551383,1.28499878985104,"1000","ARMA22_M4"
0.956029197087851,0.940073831218592,0.961949432353547,0.268837114362186,0.0445132147832218,0.0198679045732594,0.0203302324685787,0.00568171345326639,0.034370273931511,0.0117138296854956,0.021244366564802,2.07265948806633,"1000","ARMA22_M4"
0.960491179326959,0.945757344090504,0.965646539496566,0.221892671795055,0.0399856006646588,0.0178715517547822,0.0182473889473575,0.00419300615826119,0.0410695513700442,0.000337770091874202,0.0334792274195362,1.56407002894008,"1000","ARMA22_M4"
0.949003895329896,0.931295152562148,0.956201807236393,0.310034652760318,0.0516390451116086,0.0230022250120629,0.0236173989164246,0.00765760116404527,0.0575390775027686,-0.0021429650586976,0.0461023942228825,2.35188356038606,"1000","ARMA22_M4"
0.962401832419497,0.948174272753576,0.967213048136302,0.202202740923227,0.0380188106212923,0.0170020993470742,0.0173434913883956,0.00362577976245185,0.0304647040287677,0.0118574617760891,0.0189801081124295,1.38370349709522,"1000","ARMA22_M4"
0.944398639108903,0.925646563734852,0.952479559813652,0.314034575564913,0.0562985287173183,0.0250471999786558,0.0257732777767523,0.00849750555184883,0.0361040472002528,0.0119059634433691,0.0212171513705105,2.25504870322131,"1000","ARMA22_M4"
0.95102363657082,0.933760505800291,0.957820504325558,0.277574983648382,0.0495604591782904,0.0220877668230764,0.022656897380525,0.00656593577974263,0.0379794864904108,0.00757584400288541,0.0259936576468725,1.82789498634282,"1000","ARMA22_M4"
0.957424057889752,0.941900868600967,0.963139968078006,0.27888897363444,0.0431579490727572,0.0192723181625221,0.0197068932821044,0.00570637230634003,0.0379842167104931,0.00378599967249229,0.0285704004411005,1.98710163869865,"1000","ARMA22_M4"
0.942084390295615,0.922862032092288,0.950637695460904,0.335163692598216,0.0586641942340386,0.0260850923195571,0.0268701833927748,0.00947354594680498,0.0516903667813656,0.00016616492850304,0.0391121787084506,2.36099561960697,"1000","ARMA22_M4"
0.95786496356591,0.942513094689275,0.963538471686493,0.2342650205972,0.0427423868052548,0.0190903623671671,0.0195162260162185,0.00474497824842081,0.0280424554564748,0.0134726342384912,0.0150605422560103,1.71580207815113,"1000","ARMA22_M4"
0.967659806116662,0.955039332589726,0.971644113853781,0.180015518638425,0.0326975259515759,0.0146482501002059,0.0149029317457833,0.00276105103627886,0.0391676752466606,-0.00758766339818912,0.0373669644695537,0.950928335189313,"1000","ARMA22_M4"
0.952898667977768,0.93621096131958,0.959425880981001,0.277227359132905,0.0477464470407057,0.0212931718389451,0.021821171717179,0.00630525601639358,0.0292921879447844,0.0143712844334624,0.0155275290936973,1.9767898131979,"1000","ARMA22_M4"
0.959030198699957,0.94402852024748,0.964523936570217,0.241851143107612,0.0415806334022296,0.0185787388518132,0.018982094237114,0.00475969648420253,0.0325419538607328,0.00776479081997548,0.0219530018317459,1.65647493142443,"1000","ARMA22_M4"
0.955766939403416,0.939624635694267,0.961656428598169,0.275717712573007,0.0446977657284207,0.0199462153283057,0.0204139030289428,0.00585289556690437,0.0279153589049947,0.0120257422345037,0.015585261658531,1.93454582859152,"1000","ARMA22_M4"
0.946673220828684,0.928382503475638,0.954284812785892,0.300474752638656,0.0539671454523065,0.0240230751121042,0.0246933302276494,0.00777516543548126,0.0272015130520367,0.0157271309791813,0.0123362217237434,1.84031571734879,"1000","ARMA22_M4"
0.956988261993546,0.941086326246788,0.96260943598247,0.261165138707804,0.0434038868642001,0.0193741997191326,0.0198172972490467,0.00537662211837627,0.0390606323255621,0.0025787791781896,0.0304129990961179,1.68332236541086,"1000","ARMA22_M4"
0.961745360013602,0.947659861460157,0.966879921573106,0.220680840647132,0.0389362213493642,0.0174147997918579,0.0177679998296212,0.00405537135639282,0.0291092473168703,0.00641900890893398,0.0201754334974522,1.47285600230324,"1000","ARMA22_M4"
0.964017128581409,0.950174221834107,0.968506733379689,0.211006248847361,0.0363191537777007,0.0162489952486892,0.0165625007997298,0.00360843249182898,0.0285874661423702,0.00562744686688789,0.0207423078540669,1.34950164383647,"1000","ARMA22_M4"
0.951376857267575,0.934195124604337,0.958105495036151,0.269097925321733,0.0492022557738872,0.0219301865087407,0.022491481327406,0.0063170611106756,0.0446822616845656,0.00428440342836336,0.0332455194787927,1.74468459341046,"1000","ARMA22_M4"
0.960813963771306,0.946226313158191,0.965950762486904,0.223367648481364,0.0396997142094873,0.0177466094719205,0.0181165443325534,0.00418929210817379,0.0272558827147782,0.00686932794171729,0.0187658307210498,1.28910875796578,"1000","ARMA22_M4"
0.957269792538575,0.941664393950467,0.962985986020472,0.245877301159523,0.0432666493224923,0.0193191206873275,0.0197565529754045,0.00504440147242635,0.0176866184756151,0.0172959881445771,0.00487768544168688,1.4740850653052,"1000","ARMA22_M4"
0.950912478244144,0.933686561748082,0.957772006265108,0.266381110135892,0.0497299842744074,0.0221641551158479,0.0227359032272377,0.00632344138479382,0.0501352568797743,0.0026388018269578,0.0382891597971653,1.71958971553774,"1000","ARMA22_M4"
0.947930787004499,0.929913184722249,0.95529287238274,0.321486096389628,0.0526819630763839,0.0234584883844223,0.0240987299875798,0.00810998056787625,0.0213865820986887,0.0241108710159058,0.00381100329567212,2.4372777630949,"1000","ARMA22_M4"
0.959087154078488,0.944208593422975,0.964640947302513,0.232805863203523,0.0415993485935291,0.018589542508666,0.0189918139067887,0.00458347288981924,0.034393493131063,0.000562482017597455,0.0273482050915004,1.44334845826921,"1000","ARMA22_M4"
0.960282780995646,0.945420493964843,0.965427943951471,0.222912221693676,0.0401496209456741,0.0179423621171225,0.0183220671425497,0.00423046869355144,0.0268869330435987,0.00948948963222436,0.0168747030356008,1.49448747918798,"1000","ARMA22_M4"
0.959859936687412,0.944989994456957,0.965148479525959,0.233763126157936,0.0406572166694032,0.0181689272717769,0.0185565060305746,0.00449446582810374,0.0177603325948137,0.0107665952845007,0.00865471095883487,1.09449102490684,"1000","ARMA22_M4"
0.949766261039794,0.932277883280989,0.956847475314193,0.297776701952382,0.0509015393175735,0.0226794154606326,0.0232771170637836,0.00724397913882459,0.0259974636053111,0.0198014271006603,0.00974456358380833,2.2206409052478,"1000","ARMA22_M4"
0.965835520505062,0.952662118568903,0.970112820177041,0.20231760054206,0.0345563946287033,0.0154716433355286,0.0157550502496625,0.00328572501737437,0.030586390069081,0.00101840308368108,0.025286346705435,1.36694133279225,"1000","ARMA22_M4"
0.960805869353301,0.946250576423871,0.965966498732704,0.220946063755421,0.0397390099933454,0.0177647806875953,0.0181349247536563,0.00414801159882652,0.0356327995533499,0.00625795034521172,0.0256399219563677,1.56567692158492,"1000","ARMA22_M4"
0.953943924867393,0.937497092588739,0.960267060028193,0.265800604146193,0.0466623840646879,0.0208154739632929,0.0213210410398502,0.00590163489441318,0.0229238404776382,0.0142100288472928,0.0106941584947394,1.66359706475696,"1000","ARMA22_M4"
0.959276987292505,0.94424517123732,0.964664713093764,0.226331468709043,0.0412498812337313,0.0184304418145709,0.018829004803855,0.00441769689897624,0.0387806284395383,0.00456454181711323,0.0291873289605092,1.82264514798768,"1000","ARMA22_M4"
0.955381552229116,0.93936453285083,0.961486713355447,0.262021151684209,0.0452643070921672,0.0202015866850451,0.020677337186046,0.00563491895207041,0.0291801552804345,0.00908660776867,0.0181747187015668,1.63134823249829,"1000","ARMA22_M4"
0.948070125769195,0.930161528871234,0.955456293907669,0.313584466765866,0.0525943857988502,0.0234223030795935,0.0240592479914406,0.00789633863975855,0.0233387860011786,0.0246899035552404,0.00455732257828791,2.29211647277572,"1000","ARMA22_M4"
0.964139358780384,0.950369302176452,0.968632798842092,0.184388689112672,0.0362198021137078,0.01620581802473,0.016517249489089,0.00314421934161302,0.0261438285985734,0.0122697354658501,0.0156171016147358,1.02725861598796,"1000","ARMA22_M4"
0.952804346619046,0.935999615548923,0.959287560018244,0.261667657796209,0.0477677399645386,0.0212999670637099,0.0218299164802886,0.00595460980977939,0.049160099067673,-0.00128221814045342,0.0398501157484016,1.61106032620707,"1000","ARMA22_M4"
0.954035503480654,0.937303446935338,0.96014047033446,0.288618684846404,0.0463607594157594,0.0206746666496455,0.0211783966290782,0.00636623616137214,0.046566399603714,0.00585997208172463,0.0348023154727283,2.2460433364429,"1000","ARMA22_M4"
0.957798650549946,0.941889052806259,0.963132274918136,0.214572219062335,0.0424287306405528,0.0189390357869656,0.0193661839129668,0.00431451127242912,0.043851720331509,0.00541283839623989,0.0330984242110794,1.45235913719,"1000","ARMA22_M4"
0.954421626990713,0.938256573710711,0.960763334765201,0.255320919298136,0.0463019157960535,0.0206610601553499,0.0211566746355233,0.00562234363216358,0.018850502800156,0.0186071325416874,0.0049504600830457,1.58151921887341,"1000","ARMA22_M4"
0.947077360358861,0.929121618008681,0.954771743481037,0.289992864661597,0.0537567042277825,0.0239382303569155,0.0245990896032616,0.00747148259342974,0.0526709113304822,0.00403506723586594,0.0384647180078414,1.82103336973271,"1000","ARMA22_M4"
0.950550969814131,0.933212783950088,0.957461190968127,0.288056295089193,0.0500666027715332,0.0223113418874098,0.0228910751577949,0.00688687788368246,0.0333564312822147,0.00773803046026837,0.0220375538776323,1.86392735273699,"1000","ARMA22_M4"
0.969749464070935,0.957651306724584,0.973322873454455,0.158713120692318,0.0304820818677966,0.0136635886775095,0.0138871876432557,0.00226448894669283,0.0162841004579493,0.0133956692226997,0.00701952258619833,1.12382795141266,"1000","ARMA22_M4"
0.961184303173301,0.946540539606197,0.966154531529893,0.206305748206991,0.0392097692222002,0.0175266588255217,0.0178898421549924,0.00382006930635245,0.0237663473389734,0.00909734074053418,0.0147470496542519,1.33406578546293,"1000","ARMA22_M4"
0.959931042613491,0.945023315744684,0.965170114327365,0.224511500180727,0.040542742757975,0.0181170678326191,0.0185033026592646,0.00430411611037566,0.0158755650628094,0.0160981636943004,0.00427280434985931,1.32035794978961,"1000","ARMA22_M4"
0.959887012678975,0.944804821183011,0.965028238700958,0.209950993101318,0.0404779624936372,0.0180847673398818,0.0184718693025616,0.00401872934799407,0.024521465966168,0.0155498193748584,0.011999748355622,1.29872675295225,"1000","ARMA22_M4"
0.961963198913418,0.947674768749117,0.966889577514211,0.218309370287659,0.0385105555955181,0.0172207848787196,0.0175699490636711,0.00396703471138607,0.026221594879167,0.00881901891780247,0.0168785771841284,1.38181177366696,"1000","ARMA22_M4"
0.95808785140809,0.942687612718872,0.963652027054967,0.230839029862861,0.0424282636588996,0.018949162634967,0.0193705727515758,0.00464014405233713,0.0507554603679709,0.00170719508919681,0.0404883787913545,1.82909762179105,"1000","ARMA22_M4"
0.955795315699056,0.940116341245749,0.961977154923655,0.242330929700423,0.0450117785992604,0.0200962569630362,0.0205635613910287,0.00518015102992252,0.0426878262356022,-0.000882029771131365,0.0344049925716998,1.53295823404203,"1000","ARMA22_M4"
0.965249192031734,0.95171338846067,0.969500780126614,0.226191243363205,0.0350263021442372,0.0156759301279046,0.0159689110949623,0.00372565750308555,0.0293123921404766,0.00850650121049834,0.0201736442979243,1.67700054879584,"1000","ARMA22_M4"
0.955333995023229,0.939109050971366,0.961319974754648,0.279274831953879,0.0451649210487295,0.0201527513602741,0.0206293852762431,0.00599308061585327,0.00949830850082647,0.0283635295509371,-0.00783711888041794,2.0439401356045,"1000","ARMA22_M4"
0.954147443885129,0.937567869506272,0.96031332270945,0.278142037154139,0.0463274269023654,0.0206632057999152,0.021164496421998,0.00613001612176643,0.0338376542055483,0.0153469940686257,0.018790591023884,2.22408440550369,"1000","ARMA22_M4"
0.94715216566174,0.929095736193663,0.954754697916831,0.295610126361987,0.0535753494827294,0.0238549230707574,0.0245137276848969,0.00758991409452793,0.029451465230432,0.0153882426176206,0.0146087450540388,1.79381592378681,"1000","ARMA22_M4"
0.961740949155134,0.947353422029441,0.966681402106043,0.219172098407799,0.0387306930901683,0.0173173520662552,0.0176706620643329,0.00400640384355929,0.0149403431938324,0.0161106549793111,0.00336827589708524,1.50276356428604,"1000","ARMA22_M4"
0.954367211529514,0.938083803215441,0.960650469419158,0.261547300180218,0.0462824517012499,0.0206497491942747,0.021146502251582,0.00575735998494883,0.0287025630453817,0.0162350588546851,0.0141479045896034,1.80528538238009,"1000","ARMA22_M4"
0.949259600675151,0.931645088597972,0.956431785368022,0.269134743620479,0.0514096445547298,0.0229024740114075,0.0235118011957101,0.00661609398983768,0.0388472328796044,0.00431926051043894,0.0281522950201502,1.58186016902586,"1000","ARMA22_M4"
0.957956651915498,0.942578313671523,0.963580910442945,0.257142371816909,0.0426045237415115,0.0190282828378634,0.0194522723843018,0.00519105702896144,0.0374702212043795,0.00833481687886819,0.0259562156845488,1.75894876809141,"1000","ARMA22_M4"
0.957851036283975,0.942387984669796,0.963457054188819,0.235456440506597,0.0426658161504522,0.0190539105346571,0.0194799008615654,0.00476063577337893,0.0371408418460338,0.00633874469693621,0.0267228893395266,1.6764654120074,"1000","ARMA22_M4"
0.957208857760639,0.941734828703357,0.963031853494292,0.255517954932351,0.0434427397882052,0.0194004332120716,0.0198391676567149,0.00526385864476898,0.0138469228913161,0.0214124080780816,-0.000528953839590213,1.5525691399404,"1000","ARMA22_M4"
0.959019376996753,0.943833818117159,0.964397398768457,0.221120754046711,0.0414552695778152,0.0185191134833043,0.0189225947703641,0.00433864548938692,0.0121824842455478,0.0228772686947379,-0.00254966891280641,1.42971100227581,"1000","ARMA22_M4"
0.949785479120437,0.932233090756947,0.956818058350772,0.289676701493287,0.0508230841401576,0.022642913242844,0.0232400549811329,0.00703592747931731,0.0417685800573093,0.00932595659085915,0.027702702795985,2.19074053867744,"1000","ARMA22_M4"
0.941568109243434,0.922137705646582,0.950157826866708,0.369153700875811,0.0591105954074329,0.0262773563717013,0.027075821401784,0.0105194520237565,0.0404883794175786,0.0117942009559825,0.0244732401370052,2.71623455820834,"1000","ARMA22_M4"
0.947823055097955,0.930149439799842,0.955448339601431,0.294063690790733,0.0530795229621851,0.0236442078682336,0.0242873007091809,0.00747503867018644,0.0476748816080949,0.00416483619346503,0.0346205974761282,2.01096727212668,"1000","ARMA22_M4"
0.954100358867009,0.937674130911604,0.960382773991964,0.274513995658053,0.0464953722925786,0.0207414876449346,0.0212438061203591,0.00607228936108923,0.0268451329604936,0.0132212599265413,0.0145667344957627,1.88582464567456,"1000","ARMA22_M4"
0.955174329238053,0.938920068944142,0.961196612295447,0.271100987979455,0.0453379011458186,0.0202292456571062,0.0207091988317694,0.00584093222108649,0.0378194577786791,-0.000183740339686932,0.0303880375799491,1.55578476254325,"1000","ARMA22_M4"
0.954418101257447,0.938045004057004,0.96062512078854,0.272001761679542,0.0461481578741354,0.0205878821817387,0.0210834626505948,0.00596979910181736,0.0315797021820365,0.0102560938536701,0.0197928238141876,1.88028221988957,"1000","ARMA22_M4"
0.963145506278332,0.949064163253907,0.967788968133268,0.217526608762388,0.0372162069127448,0.0166459304934731,0.0169743506494476,0.00381526660697534,0.0249608404987154,0.0103463602759266,0.0156423327377222,1.4800632821814,"1000","ARMA22_M4"
0.963367622484083,0.949474057493169,0.968054089381596,0.213028118008555,0.0370758257211728,0.0165864783477808,0.0169110551955486,0.00372141422815315,0.0221076314191512,0.0112625239254739,0.0123156181742736,1.37565233676568,"1000","ARMA22_M4"
0.966409238584773,0.953025716328007,0.97034724470404,0.153314747165689,0.0337126676138569,0.015090685307252,0.0153649630410896,0.00242766229997726,0.0246337432071516,0.00698285380792807,0.0180028866724357,0.63117117058809,"1000","ARMA22_M4"
0.951449957993461,0.934560736897679,0.958345150483991,0.273033755077624,0.0493344753968988,0.0219960344774556,0.0225558298557713,0.00642618468023028,0.0507170593891679,0.00321052264337061,0.0379675496798556,1.87362287995504,"1000","ARMA22_M4"
0.953633138064147,0.9371476287306,0.960038593187069,0.291985862351286,0.0470190214986532,0.0209735796978508,0.0214858847527531,0.00653471082562045,0.0502920173986556,-0.0020176284931584,0.0411698814906953,2.14804418375443,"1000","ARMA22_M4"
0.960200729785057,0.945293433915684,0.965345472458064,0.206686813685786,0.0402181534483129,0.0179721085723622,0.0183533419554061,0.00392957120272122,0.0246465341104319,0.0131541733699968,0.0129850071471054,1.41111321782865,"1000","ARMA22_M4"
0.957883624047942,0.942431634029571,0.963485460797183,0.238234891386312,0.0426339210413393,0.0190399007648293,0.0194652502097129,0.00481304799937663,0.0308244265066421,0.00623860517403104,0.0216510606456404,1.4001914557284,"1000","ARMA22_M4"
0.962657619403404,0.948588732990424,0.967481335945199,0.225914466740332,0.0378223321939761,0.0169171309597051,0.0172540616307537,0.00402895847970894,0.0501563988723139,-0.0045431274641127,0.0439565247962544,1.65910577258217,"1000","ARMA22_M4"
0.951802596276761,0.934797023275696,0.958499992247091,0.2998526247296,0.0488246137089256,0.0217661465448538,0.0223180549092724,0.00698187521912833,0.0536243789027916,-0.00367465584626252,0.0446748495781065,2.1202833691763,"1000","ARMA22_M4"
0.956676605246637,0.940883964906985,0.962477572860339,0.252734389512974,0.0438486299067596,0.0195748858657086,0.0200241361738032,0.00525808390149904,0.0259043142823294,0.0119475711133219,0.0145601998755326,1.85067540454411,"1000","ARMA22_M4"
0.958422123432438,0.943178579672133,0.963971394152945,0.249408426736202,0.0421386159667309,0.0188230355908523,0.0192379982452654,0.00497744943989924,0.0324701999222293,0.010414688778901,0.020484999082593,1.80727984332592,"1000","ARMA22_M4"
0.944057345316664,0.925472356715307,0.952364463022244,0.322063743177385,0.0568360292344386,0.025290714660274,0.0260256048839392,0.00880115129535373,0.0452010118071931,0.00683753448247194,0.0306111188546037,2.25161193704776,"1000","ARMA22_M4"
0.959311087603239,0.944234544754505,0.964657808803798,0.229877855780695,0.0411759115399332,0.0183965311627397,0.018794437822282,0.00447871258363339,0.0256856438247653,0.0143361028694044,0.0133962730788795,1.51077746823517,"1000","ARMA22_M4"
